index,artist,date,has_audio,has_video,link,rating,title,total_downloads,uploader
10870,Pink Floyd,2018-08-21,False,True,patches.php?mode=show&unit=G3&ID=10870,5.0,PinkR,83,J.D.S.
10871,Pink Floyd,2018-08-21,False,True,patches.php?mode=show&unit=G3&ID=10871,5.0,PinkS,42,J.D.S.
10872,J.D.S.,2018-08-21,False,True,patches.php?mode=show&unit=G3&ID=10872,,Bass,28,J.D.S.
10849,Krail Anuar,2018-08-07,False,False,patches.php?mode=show&unit=G3&ID=10849,,T.S.O.8.L,80,NU - OFF
10850,Krail Anuar,2018-08-07,False,False,patches.php?mode=show&unit=G3&ID=10850,,T.S.O.8.L,67,666
10822,T.S.O.8.L ( Krail Anuar ),2018-07-06,False,False,patches.php?mode=show&unit=G3&ID=10822,4.0,KRAiL ANUAR 666,134,Krail Anuar
10774,the shadows,2018-06-11,False,False,patches.php?mode=show&unit=G3&ID=10774,2.0,apache,292,jeffrey ball
10775,brian may,2018-06-11,False,False,patches.php?mode=show&unit=G3&ID=10775,3.0,we will rock you,258,jeffrey ball
10776,mick ronson,2018-06-11,False,False,patches.php?mode=show&unit=G3&ID=10776,,jean genie,101,jeffrey ball
10777,80s,2018-06-11,False,False,patches.php?mode=show&unit=G3&ID=10777,,clean roland 120 amp,255,jeffrey ball
10778,rock 70s,2018-06-11,False,False,patches.php?mode=show&unit=G3&ID=10778,,soldano,168,jeffrey ball
10779,marc bolan   t.rex,2018-06-11,False,False,patches.php?mode=show&unit=G3&ID=10779,1.0,get it on,101,jeffrey ball
10720,Jozef Stiavnicky,2018-05-07,False,True,patches.php?mode=show&unit=G3&ID=10720,,JDSBass,244,JDS
10693,Megadeth Dave Mustaine,2018-04-15,True,False,patches.php?mode=show&unit=G3&ID=10693,3.7,Symphony of Destruction,441,sykaTHEoNe Mari...
10678,Slash,2018-04-07,False,False,patches.php?mode=show&unit=G3&ID=10678,1.0,Zoom G5N Slash Sweet Child o Mine,419,Andrew Miles
10667,Ritchie Blackmore,2018-04-03,False,True,patches.php?mode=show&unit=G3&ID=10667,3.5,Perfect Strangers,359,boxvictor
10661,Megadeth-Dave Mustaine,2018-03-30,True,True,patches.php?mode=show&unit=G3&ID=10661,4.5,Tornado of Souls,468,sykaTHEoNe Mari...
10640,Zoom & Zoom Famous Artists,2018-03-23,False,False,patches.php?mode=show&unit=G3&ID=10640,5.0,Zoom G3 & G5 patches converted for Zoom G3x,806,Görkem
10629,David GILMOUR,2018-03-20,True,False,patches.php?mode=show&unit=G3&ID=10629,5.0,TheWall,510,Bruno Heurtin
10630,David Gilmour,2018-03-20,True,False,patches.php?mode=show&unit=G3&ID=10630,5.0,The Wall (good file),520,Bruno HEURTIN
10622,Megadeth,2018-03-17,False,False,patches.php?mode=show&unit=G3&ID=10622,3.0,Rust in Peace Album Tone,285,sykaTHEoNe Mari...
10623,RudeRecords - Ageless Minds,2018-03-17,False,False,patches.php?mode=show&unit=G3&ID=10623,4.0,Chris,218,Chris
10580,ZOOM G3X best sounds,2018-02-22,False,True,patches.php?mode=show&unit=G3&ID=10580,5.0,Talking Cry  (Shark's Throat) Sound,468,boxvictor
10567,Megadeth,2018-02-12,True,True,patches.php?mode=show&unit=G3&ID=10567,3.0,Megadeth - Lucretia Dave Mustaine Guitar Tone,488,"""sykaTHEoNe"" Ma..."
10568,Carlo Natali,2018-02-12,True,False,patches.php?mode=show&unit=G3&ID=10568,,AhChoirBG,229,Carlo Natali
10536,Various,2018-01-28,False,False,patches.php?mode=show&unit=G3&ID=10536,4.0,Metalcore \ All-round,465,napp
10532,Brian May,2018-01-26,False,True,patches.php?mode=show&unit=G3&ID=10532,4.0,the distinctive sound of Brian's 70`-80`,770,boxvictor
10520,Megadeth,2018-01-22,True,False,patches.php?mode=show&unit=G3&ID=10520,4.5,Holy Wars... The Punishment Due Guitar Tone,534,sykaTHEoNe Mari...
10517,Megadeth,2018-01-20,True,False,patches.php?mode=show&unit=G3&ID=10517,5.0,Holy Wars Dave Mustaine Tone Version 2,353,sykaTHEoNe Mari...
10518,Megadeth,2018-01-20,True,False,patches.php?mode=show&unit=G3&ID=10518,4.0,Holy Wars Dave Mustaine Tone Version 2 (FIXED),368,sykaTHEoNe Mari...
10510,Megadeth,2018-01-18,True,False,patches.php?mode=show&unit=G3&ID=10510,5.0,Hangar 18 Marty Friedman Tone,471,sykaTHEoNe Mari...
10508,Megadeth,2018-01-17,False,False,patches.php?mode=show&unit=G3&ID=10508,5.0,Holy Wars... The Punishment Due Dave Mustaine Guit,264,"""sykaTHEoNe"" Ma..."
10509,Megadeth,2018-01-17,True,False,patches.php?mode=show&unit=G3&ID=10509,5.0,Holy Wars... The Punishment Due Dave Mustaine Tone,358,sykaTHEoNe Mari...
10490,60-80` Marshall sounds,2018-01-09,False,True,patches.php?mode=show&unit=G3&ID=10490,5.0,Quo Crunch,539,boxvictor
10491,60-80` Marshall sounds,2018-01-09,False,True,patches.php?mode=show&unit=G3&ID=10491,3.5,Ms Crunch 70`,485,boxvictor
10492,60-80` Marshall sounds,2018-01-09,False,True,patches.php?mode=show&unit=G3&ID=10492,3.5,Quo Crunch,298,boxvictor
10430,ZOOM G3X World musicians and the best sounds,2017-12-25,False,True,patches.php?mode=show&unit=G3&ID=10430,3.0,G3X USER AREA ver DE? 2017,750,boxvictor
10428,Pink Floyd,2017-12-23,False,False,patches.php?mode=show&unit=G3&ID=10428,2.0,Run Like Hell,510,Fabio Floyd
10418,luigi cantelmo,2017-12-15,False,True,patches.php?mode=show&unit=G3&ID=10418,1.5,Zoom G3x - CLEAR TREMOLO + OVERDRIVE,518,luigi cantelmo
10419,luigi cantelmo,2017-12-15,False,True,patches.php?mode=show&unit=G3&ID=10419,1.0,Zoom G3x - CLEAR TREMOLO + OVERDRIVE,389,luigi cantelmo
10403,World musicians and the best sounds,2017-12-05,False,False,patches.php?mode=show&unit=G3&ID=10403,5.0,G3X USER AREA ver NOV 2017,774,boxvictor
10350,luigi cantelmo,2017-11-03,False,True,patches.php?mode=show&unit=G3&ID=10350,4.5,Zoom G3x - Crunch Guitar Patch,962,luigi cantelmo
10346,Shadows,2017-11-02,False,False,patches.php?mode=show&unit=G3&ID=10346,5.0,Theme for Young Lovers,655,Pit
10327,Dream Theater,2017-10-24,True,False,patches.php?mode=show&unit=G3&ID=10327,2.0,A Rite of Passage,759,Renylo M
10323,Carlo Natali,2017-10-22,True,False,patches.php?mode=show&unit=G3&ID=10323,,LeadCN24/FunkySolo1,530,Carlo60
10324,Weather Report,2017-10-22,True,False,patches.php?mode=show&unit=G3&ID=10324,4.0,SynthBASS1/Birdland,422,Carlo60
10325,The Beatles,2017-10-22,True,False,patches.php?mode=show&unit=G3&ID=10325,4.0,AcouORG5/Yesterday,505,Carlo60
10252,Dire Straits,2017-09-25,True,False,patches.php?mode=show&unit=G3&ID=10252,3.0,Walk of life ORGAN sound,641,Carlo60
10245,Scottish/Celtic instrument,2017-09-21,False,False,patches.php?mode=show&unit=G3&ID=10245,4.0,BagPipe/Cornamusa,415,Carlo60
10237,Johnny Cash,2017-09-14,True,False,patches.php?mode=show&unit=G3&ID=10237,3.0,AcORG1/Hurt,663,Carlo60
10231,Procolarum,2017-09-13,True,False,patches.php?mode=show&unit=G3&ID=10231,4.0,Hammond2/A whiter shade of pale,540,Carlo60
10232,EUROPE,2017-09-13,False,True,patches.php?mode=show&unit=G3&ID=10232,4.6,80 LEAD SOUND,1392,Riccardo Sergio
10233,Eric Johnson,2017-09-13,False,True,patches.php?mode=show&unit=G3&ID=10233,4.5,Manhattan Clean,1148,Riccardo Sergio
10234,Eric Johnson,2017-09-13,False,True,patches.php?mode=show&unit=G3&ID=10234,4.5,Manhattan Lead,838,Riccardo Sergio
10235,Guthrie Govan,2017-09-13,False,True,patches.php?mode=show&unit=G3&ID=10235,5.0,Waves,916,Riccardo Sergio
10229,Denis Plaine,2017-09-12,False,False,patches.php?mode=show&unit=G3&ID=10229,4.0,Epitom3EHX,395,DPlaine
10224,Ravi Shankar,2017-09-10,True,False,patches.php?mode=show&unit=G3&ID=10224,2.0,SitarCN1,543,Carlo60
10219,Carlo60,2017-09-07,False,False,patches.php?mode=show&unit=G3&ID=10219,1.0,Violin2,551,Carlo60
10220,Carlo60,2017-09-07,False,False,patches.php?mode=show&unit=G3&ID=10220,4.0,DOBROCN,321,Carlo60
10214,Angus McKinnon Young,2017-09-06,True,False,patches.php?mode=show&unit=G3&ID=10214,5.0,Angus,730,boxvictor
10215,Carlo60,2017-09-06,False,False,patches.php?mode=show&unit=G3&ID=10215,,Violin1,490,Carlo60
10210,Shadows,2017-09-05,True,True,patches.php?mode=show&unit=G3&ID=10210,2.0,ApacheCN2,732,Carlo60
10211,Dire Strait,2017-09-05,True,True,patches.php?mode=show&unit=G3&ID=10211,4.5,ORGLesl/(Walk of life),468,Carlo60
10207,tom scholz,2017-08-28,True,False,patches.php?mode=show&unit=G3&ID=10207,5.0,boston,552,alenio
10200,LuigiCantelmo,2017-08-24,False,True,patches.php?mode=show&unit=G3&ID=10200,,Zoom G3x guitar looping Vox vt20+ (acoustic simula,701,Zoom G3x guitar...
10201,luigicantelmo,2017-08-24,False,True,patches.php?mode=show&unit=G3&ID=10201,,Zoom G3x guitar looping Vox vt20+acoustic simulato,532,LuigiCantelmo
10197,Luiss,2017-08-21,False,True,patches.php?mode=show&unit=G3&ID=10197,1.0,Zoom G3x - Funk Clear + Comp + Early Reflection,580,Luiss
10190,Luigi,2017-08-11,False,True,patches.php?mode=show&unit=G3&ID=10190,3.5,Stereo Auto Whawha Funk Patch,716,Luiss
10148,Christina Hiro,2017-07-19,False,False,patches.php?mode=show&unit=G3&ID=10148,3.0,Square Bass,522,Christina Hiro
10146,Vince Pastano,2017-07-14,True,False,patches.php?mode=show&unit=G3&ID=10146,5.0,Stupendo live Modena Park arpeggios guitar intro,818,An Stevens
10137,Arctic Monkeys,2017-07-06,True,False,patches.php?mode=show&unit=G3&ID=10137,3.0,Do I Wanna  Know,721,Joan
9923,Audioslave,2017-05-19,False,False,patches.php?mode=show&unit=G3&ID=9923,4.0,Like A Stone - Verse,807,fingerdish
9924,Audioslave,2017-05-19,False,False,patches.php?mode=show&unit=G3&ID=9924,4.0,Like A Stone - Chorus,743,fingerdish
9925,Audioslave,2017-05-19,False,False,patches.php?mode=show&unit=G3&ID=9925,4.5,Like A Stone - Bridge/Solo,764,fingerdish
9920,Pink Floyd,2017-05-16,False,False,patches.php?mode=show&unit=G3&ID=9920,4.5,Th Dark Side Of The Moon,1297,Chastel98
9913,Slash,2017-05-09,False,True,patches.php?mode=show&unit=G3&ID=9913,4.7,Sweet child o' mine,2439,An Stevens
9907,Steve Stevens,2017-05-07,False,True,patches.php?mode=show&unit=G3&ID=9907,5.0,Top Gun,1111,An Stevens
9897,Pink Floyd,2017-05-06,False,True,patches.php?mode=show&unit=G3&ID=9897,4.3,Another brick in the wall,1738,An Stevens
9899,Brian May,2017-05-06,False,True,patches.php?mode=show&unit=G3&ID=9899,4.0,The show is go on!!!!,1107,An Stevens
9900,An Stevens,2017-05-06,False,True,patches.php?mode=show&unit=G3&ID=9900,3.0,Surf tone Misirlou,556,An Stevens
9901,An Stevens,2017-05-06,False,True,patches.php?mode=show&unit=G3&ID=9901,5.0,Satriani Summer Song Style,838,An Stevens
9902,An Stevens,2017-05-06,False,True,patches.php?mode=show&unit=G3&ID=9902,4.0,Stef Burns Style/Jeff Beck,808,An Stevens
9884,just my own patch,2017-05-02,True,False,patches.php?mode=show&unit=G3&ID=9884,,Metal Rhythm,1051,iamnottellingyo...
9876,Zoom and Zoom Official Artists,2017-04-28,False,False,patches.php?mode=show&unit=G3&ID=9876,4.2,Zoom Original Presets (G2 and G5 converted for G3X,1768,Zoom
9864,Me,2017-04-26,False,True,patches.php?mode=show&unit=G3&ID=9864,2.0,Original Clean Fenrder,1124,Tomiz
9865,Me,2017-04-26,False,True,patches.php?mode=show&unit=G3&ID=9865,,Steve Vai Clean Carvin legacy,729,Tomiz
9866,Me,2017-04-26,False,True,patches.php?mode=show&unit=G3&ID=9866,4.0,Acoustica  near original,866,Tomiz
9867,Me,2017-04-26,False,True,patches.php?mode=show&unit=G3&ID=9867,3.0,Steve Vai legacy carvin,649,Tomiz
9868,Me,2017-04-26,False,True,patches.php?mode=show&unit=G3&ID=9868,3.0,Dist./Soling voice for songs 1,477,Tomiz
9869,Me,2017-04-26,False,True,patches.php?mode=show&unit=G3&ID=9869,,Termolo Rock,499,Tomiz
9870,Me,2017-04-26,False,True,patches.php?mode=show&unit=G3&ID=9870,,Soling 2,441,Tomiz
9871,Me,2017-04-26,False,True,patches.php?mode=show&unit=G3&ID=9871,,Folk/Solo folk,545,Tomiz
9844,hank marvin and the shadows,2017-04-14,False,False,patches.php?mode=show&unit=G3&ID=9844,,the shadows the full monty,883,spinner snake
9843,the shadows,2017-04-12,False,False,patches.php?mode=show&unit=G3&ID=9843,2.0,the shadows,687,d d
9838,PANTERA,2017-04-10,False,True,patches.php?mode=show&unit=G3&ID=9838,3.8,HEAVY METAL hard rock,1894,gabryga76
9833,Tak matsumoto,2017-04-09,False,False,patches.php?mode=show&unit=G3&ID=9833,,Tak matsumoto   1992,687,KBS brother
9831,Soda Stereo,2017-04-08,False,False,patches.php?mode=show&unit=G3&ID=9831,,Signos,519,Rod Castler
9825,Asking Alexandria,2017-03-30,True,False,patches.php?mode=show&unit=G3&ID=9825,5.0,The Black,1062,psychoberry
9822,Stevie Ray Vaughn,2017-03-27,False,True,patches.php?mode=show&unit=G3&ID=9822,,SRV,1227,Youtube
9817,BON JOVI  SAMBORA,2017-03-25,False,True,patches.php?mode=show&unit=G3&ID=9817,4.6,LIVIN ' ON A PRAYER,1806,gabryga76
9812,Buckethead,2017-03-24,False,False,patches.php?mode=show&unit=G3&ID=9812,,Big Sur Moon,527,Dark Brocoli
9816,BON JOVI  SAMBORA,2017-03-24,True,False,patches.php?mode=show&unit=G3&ID=9816,4.5,LIVIN ' ON A PRAYER,1066,gabryga76
9809,PINK FLOYD DAVID GILMOUR,2017-03-22,False,False,patches.php?mode=show&unit=G3&ID=9809,4.5,SHINE ON YOU CRAZY DIAMOND,877,gabryga76
9810,PINK FLOYD DAVID GILMOUR,2017-03-22,False,True,patches.php?mode=show&unit=G3&ID=9810,4.8,SHINE ON YOU CRAZY DIAMOND,1758,gabryga76
9806,DAVID GILMOUR PINK FLOYD,2017-03-20,False,True,patches.php?mode=show&unit=G3&ID=9806,4.3,CONFORTABLY NUMB,3116,gabryga76
9790,B'Z,2017-03-19,False,False,patches.php?mode=show&unit=G3&ID=9790,1.0,TAK DRIVE,505,sumi
9791,NONE,2017-03-19,False,False,patches.php?mode=show&unit=G3&ID=9791,,DZ LEAD,386,sumi
9792,OZZY OSBOUNE,2017-03-19,False,False,patches.php?mode=show&unit=G3&ID=9792,,RANDY R,654,sumi
9779,GUNS N ROSES SLASH,2017-03-17,False,True,patches.php?mode=show&unit=G3&ID=9779,4.5,KNOCKING ON HEAVEN'S DOOR,3057,gabryga76
9771,NONE,2017-03-13,False,True,patches.php?mode=show&unit=G3&ID=9771,4.0,ACOUSTIC,1535,gabryga76
9772,NONE,2017-03-13,False,True,patches.php?mode=show&unit=G3&ID=9772,4.0,ACOUSTIC SIMULATION RITHM,1003,gabryga76
9773,NONE,2017-03-13,False,True,patches.php?mode=show&unit=G3&ID=9773,3.5,BASS SIMULATION,981,gabryga76
9774,NONE,2017-03-13,False,True,patches.php?mode=show&unit=G3&ID=9774,4.0,DIST RITH WITH EQ,644,gabryga76
9775,NONE,2017-03-13,False,True,patches.php?mode=show&unit=G3&ID=9775,4.8,ACOUSTIC LEAD,4660,gabryga76
9776,Gilmour,2017-03-13,False,True,patches.php?mode=show&unit=G3&ID=9776,4.2,LEAD,4551,gabryga76
9768,Helloween,2017-03-10,False,True,patches.php?mode=show&unit=G3&ID=9768,1.0,If I Could Fly,520,Danilo Lima
9769,Helloween,2017-03-10,False,True,patches.php?mode=show&unit=G3&ID=9769,3.0,If I Could Fly (solo),473,Danilo Lima
9752,Pink Floyd,2017-03-01,False,False,patches.php?mode=show&unit=G3&ID=9752,1.0,Shine on you crazy diamond,634,Fabio Floyd
9742,Gilmour,2017-02-19,False,True,patches.php?mode=show&unit=G3&ID=9742,5.0,solo lead Alien,2278,gabryga76
9743,Gilmour,2017-02-19,False,True,patches.php?mode=show&unit=G3&ID=9743,5.0,solo lead fbcombo,1242,gabryga76
9739,Foo Fighters,2017-02-18,True,False,patches.php?mode=show&unit=G3&ID=9739,3.7,walk&BestofYou,828,Boy
9740,(none),2017-02-18,True,False,patches.php?mode=show&unit=G3&ID=9740,4.0,SC for HB,401,P.Z.
9690,Marty Friedman,2017-01-27,False,False,patches.php?mode=show&unit=G3&ID=9690,1.0,Tears of an Angel (Marty Friedman),559,Patrick
9686,a2c,2017-01-24,False,False,patches.php?mode=show&unit=G3&ID=9686,3.5,Gratitude,503,Patrick
9687,Michiya Haruhata,2017-01-24,False,False,patches.php?mode=show&unit=G3&ID=9687,4.0,Jaguar 13,513,Patrick
9688,Dragonforce,2017-01-24,False,False,patches.php?mode=show&unit=G3&ID=9688,2.0,Dragonforce,715,Patrick
9685,Gojira,2017-01-23,False,True,patches.php?mode=show&unit=G3&ID=9685,3.0,Silvera,721,Danilo Lima
9672,ALL,2017-01-14,False,False,patches.php?mode=show&unit=G3&ID=9672,3.0,ENJOY,558,burimveliu
9637,drive,2016-12-26,False,False,patches.php?mode=show&unit=G3&ID=9637,3.5,messa boo,796,burimveliu
9638,clean,2016-12-26,False,False,patches.php?mode=show&unit=G3&ID=9638,2.0,clean,925,burimveliu
9635,Juca Nery,2016-12-25,False,False,patches.php?mode=show&unit=G3&ID=9635,3.0,Crunch Rhythm Sound,602,jucanery
9630,KISS/Ace Frehley,2016-12-22,False,False,patches.php?mode=show&unit=G3&ID=9630,1.0,Rocket Ride,542,Hippie James
9627,MEGADETH,2016-12-18,False,False,patches.php?mode=show&unit=G3&ID=9627,3.0,COUNTDOW TO EXTINCTION/Symphony Of Destruction,920,RiFFMasteR9000
9622,some of the best,2016-12-16,False,True,patches.php?mode=show&unit=G3&ID=9622,3.0,Rock sound,1373,J.D.S.
9617,AC/DC,2016-12-15,True,False,patches.php?mode=show&unit=G3&ID=9617,3.7,Back in Black,2899,J.D.S.
9618,J.D.S.,2016-12-15,True,False,patches.php?mode=show&unit=G3&ID=9618,3.7,Refuzzverb,564,J.D.S.
9613,N/A,2016-12-13,False,False,patches.php?mode=show&unit=G3&ID=9613,2.0,Shoegazin,453,Sam Marlatt lll
9614,Sam Marlatt lll,2016-12-13,True,False,patches.php?mode=show&unit=G3&ID=9614,3.3,Verb is the Word,587,Sam Marlatt lll
9615,J.D.S.,2016-12-13,True,False,patches.php?mode=show&unit=G3&ID=9615,3.0,Acoustic,1105,J.D.S.
9616,Van Halen,2016-12-13,True,False,patches.php?mode=show&unit=G3&ID=9616,3.0,Unchained,824,J.D.S.
9605,Air Supply,2016-12-12,True,False,patches.php?mode=show&unit=G3&ID=9605,5.0,Solo / Making Love Out Nothing All,834,Renylo M
9604,King Diamond,2016-12-10,True,False,patches.php?mode=show&unit=G3&ID=9604,3.3,KingDiam,590,StÃ©phane Per...
9597,T.Iommi,2016-12-09,True,False,patches.php?mode=show&unit=G3&ID=9597,3.5,Paranoid,761,JozephDS
9598,Matt Schofield,2016-12-09,True,False,patches.php?mode=show&unit=G3&ID=9598,4.5,Dreaming Of You,514,tigerwalk
9599,Eddie VH,2016-12-09,True,False,patches.php?mode=show&unit=G3&ID=9599,4.5,Unchained,739,JozephDS
9592,Praise & Worship,2016-12-08,False,False,patches.php?mode=show&unit=G3&ID=9592,1.0,Praise & Worship Patch Set 2016,1053,Meiannatee
9593,N/A,2016-12-08,False,False,patches.php?mode=show&unit=G3&ID=9593,5.0,Ghost Pepper,611,Sam Marlatt lll
9594,David Gilmour,2016-12-08,True,False,patches.php?mode=show&unit=G3&ID=9594,4.0,Mr.David,1157,JozephDS
9595,Eddie VH,2016-12-08,True,False,patches.php?mode=show&unit=G3&ID=9595,4.0,Eruption,1141,JozephDS
9596,Matt Schofield,2016-12-08,True,False,patches.php?mode=show&unit=G3&ID=9596,3.5,Matt Schofield tone,481,tigerwalk
9589,Me,2016-12-06,False,False,patches.php?mode=show&unit=G3&ID=9589,2.5,Piano on Guitar,961,IG:@mochazmy
9588,none,2016-12-04,False,False,patches.php?mode=show&unit=G3&ID=9588,4.0,P.Z. - Amp Models - High Cut,445,P.Z.
9568,Red Hot Chili Peppers,2016-11-19,False,True,patches.php?mode=show&unit=G3&ID=9568,4.0,Funky Monks,989,SÃ©bastien ca...
9569,Red Hot Chili Peppers,2016-11-19,False,True,patches.php?mode=show&unit=G3&ID=9569,4.0,Suck My Kiss (solo),672,SÃ©bastien ca...
9570,Red Hot Chili Peppers,2016-11-19,False,True,patches.php?mode=show&unit=G3&ID=9570,4.0,Mellowship Slinky (intro / Outro),492,SÃ©bastien ca...
9571,Red Hot Chili Peppers,2016-11-19,False,True,patches.php?mode=show&unit=G3&ID=9571,1.0,Mellowship Slinky (intro / Outro),368,SÃ©bastien ca...
9572,Red Hot Chili Peppers,2016-11-19,False,True,patches.php?mode=show&unit=G3&ID=9572,4.0,Mellowship Slinky clean,567,SÃ©bastien ca...
9573,Red Hot Chili Peppers,2016-11-19,False,True,patches.php?mode=show&unit=G3&ID=9573,1.0,The Righteous And The Wicked clean,519,SÃ©bastien ca...
9574,Red Hot Chili Peppers,2016-11-19,False,True,patches.php?mode=show&unit=G3&ID=9574,3.0,The Righteous And The Wicked lead,432,SÃ©bastien ca...
9575,Red Hot Chili Peppers,2016-11-19,False,True,patches.php?mode=show&unit=G3&ID=9575,4.0,The Power Of Equality,524,SÃ©bastien ca...
9550,Black Sabbath,2016-11-06,False,False,patches.php?mode=show&unit=G3&ID=9550,3.0,Sabbath Wah,605,Hippie James
9542,Tame impala,2016-11-01,False,False,patches.php?mode=show&unit=G3&ID=9542,3.0,Tame impala,607,AlexR
9543,Tame Impala,2016-11-01,False,False,patches.php?mode=show&unit=G3&ID=9543,1.0,Synth Lead Tame impala,592,AlexR
9540,KISS,2016-10-28,False,False,patches.php?mode=show&unit=G3&ID=9540,3.0,KISS Alive!,635,Hippie James
9529,DareDevilX,2016-10-22,False,False,patches.php?mode=show&unit=G3&ID=9529,1.0,HEAVY LEADS,612,DareDevilX
9530,Guitarist,2016-10-22,True,False,patches.php?mode=show&unit=G3&ID=9530,3.0,Marshall Amp - Solo,1647,Renylo M
9523,Bogner Amp,2016-10-21,True,False,patches.php?mode=show&unit=G3&ID=9523,3.0,Bogner Drive Rhytm,903,Renylo M
9524,Guitarist,2016-10-21,True,True,patches.php?mode=show&unit=G3&ID=9524,5.0,Extreme Distortion SOLO,1763,Renylo M
9504,Metallica,2016-10-03,True,False,patches.php?mode=show&unit=G3&ID=9504,4.3,Mesa/Boogie Mark III Metallica,2432,burrekatt
9497,ashbass,2016-09-29,False,False,patches.php?mode=show&unit=G3&ID=9497,5.0,Empty Patch List,658,ashbass
9490,Metallica,2016-09-23,False,False,patches.php?mode=show&unit=G3&ID=9490,4.5,I Disappear,889,metaljunkie
9488,JOHN PETRUCCI,2016-09-20,False,False,patches.php?mode=show&unit=G3&ID=9488,3.5,GLASGOW KISS,1159,Leo.micro
9477,Black Sabbath,2016-09-07,True,False,patches.php?mode=show&unit=G3&ID=9477,2.8,Paranoid,1254,KCS
9472,various world musicians,2016-08-29,False,False,patches.php?mode=show&unit=G3&ID=9472,4.3,Patch group,1530,boxvictor
9471,G5 to G3,2016-08-28,False,False,patches.php?mode=show&unit=G3&ID=9471,3.4,G5 preset Patch to G3/G3x,1559,Leo.micro
9467,Mixed Guitar Tones,2016-08-21,False,False,patches.php?mode=show&unit=G3&ID=9467,2.0,LEGEND's SERIES Patches,1399,Allen Perez
9455,none,2016-08-20,False,False,patches.php?mode=show&unit=G3&ID=9455,5.0,P.Z. Many Patches,1118,P.Z.
9452,Allen Perez,2016-08-16,False,False,patches.php?mode=show&unit=G3&ID=9452,2.0,HPS-LEAD,670,Allen Perez
9446,Joe Bonamassa,2016-08-14,False,False,patches.php?mode=show&unit=G3&ID=9446,3.0,Joe Bonamassa for G3/G3X,1242,Leo.micro
9447,Joe Bonamassa,2016-08-14,False,False,patches.php?mode=show&unit=G3&ID=9447,4.0,Joe Bonamassa Lead,1120,Leo.micro
9444,Greenday,2016-08-10,False,False,patches.php?mode=show&unit=G3&ID=9444,3.0,21 Guns,966,Leo.micro
9432,Oasis,2016-08-01,True,False,patches.php?mode=show&unit=G3&ID=9432,1.0,Supersonic,780,nemuru
9431,Steve vai,2016-07-31,True,False,patches.php?mode=show&unit=G3&ID=9431,4.0,For the Love Of God (G3),1990,Leo.micro
9422,METAL LEAD,2016-07-27,False,False,patches.php?mode=show&unit=G3&ID=9422,5.0,CRY-LEAD,853,Allen Perez
9423,Joe Bonamassa miki hadad,2016-07-27,False,False,patches.php?mode=show&unit=G3&ID=9423,4.0,Joe Bonamassa Guitar Sound,743,miki hadad
9419,Yngwie J,2016-07-26,False,False,patches.php?mode=show&unit=G3&ID=9419,3.0,Acoustic,1316,Leo.micro
9416,na,2016-07-23,False,False,patches.php?mode=show&unit=G3&ID=9416,,All Empty Slots,592,ashbass
9417,na,2016-07-23,False,False,patches.php?mode=show&unit=G3&ID=9417,,G3 Vesion of All Empty Patches,639,ashbass
9415,Allen Perez,2016-07-22,False,False,patches.php?mode=show&unit=G3&ID=9415,2.0,BLACKSTAR AMP,783,Allen Perez
9403,Me,2016-07-16,False,False,patches.php?mode=show&unit=G3&ID=9403,5.0,drive sound,726,SATO
9404,Eric Johnson,2016-07-16,False,False,patches.php?mode=show&unit=G3&ID=9404,,Eric Johnson clean tone,1374,SATO
9400,john mayer,2016-07-15,False,False,patches.php?mode=show&unit=G3&ID=9400,1.0,mayer solo,1487,AlbertoS
9401,john petrucci,2016-07-15,False,False,patches.php?mode=show&unit=G3&ID=9401,4.0,petrucci,1083,AlbertoS
9392,hendrix,2016-07-05,False,False,patches.php?mode=show&unit=G3&ID=9392,1.0,voodo child,1238,Neo
9389,Mark Knopfler,2016-07-02,False,False,patches.php?mode=show&unit=G3&ID=9389,5.0,Brothers in arms,1496,MatevÅ¾B
9387,Meshuggah,2016-07-01,True,False,patches.php?mode=show&unit=G3&ID=9387,4.0,Meshuggah: Nothing Distorted Tone,1060,Urist
9375,Red Hot Chilli Peppers,2016-06-22,False,False,patches.php?mode=show&unit=G3&ID=9375,,Jhon Frusciante,1715,Diego Volpato
9376,Pink Floyd,2016-06-22,False,False,patches.php?mode=show&unit=G3&ID=9376,4.0,Another Brick In The Wall Part 1,1597,Diego Volpato
9377,Metallica,2016-06-22,False,False,patches.php?mode=show&unit=G3&ID=9377,3.0,Sad But True,1265,Diego Volpato
9379,Avenged Sevenfold,2016-06-22,False,False,patches.php?mode=show&unit=G3&ID=9379,,Avenged Sevenfold Rhythm,1002,Drew Blakey
9368,Circa Survive,2016-06-17,False,False,patches.php?mode=show&unit=G3&ID=9368,1.0,Circa Survive (Colin),569,Drew Blakey
9369,Linkin Park,2016-06-17,False,False,patches.php?mode=show&unit=G3&ID=9369,,Linkin Park (Hunting Party album),1011,Drew Blakey
9363,Circa Survive,2016-06-14,False,False,patches.php?mode=show&unit=G3&ID=9363,4.0,Circa Survive,395,Drew Blakey
9362,Muse,2016-06-13,True,False,patches.php?mode=show&unit=G3&ID=9362,3.0,Psycho,981,Javiii00
9345,Filiph Campos,2016-06-04,False,False,patches.php?mode=show&unit=G3&ID=9345,,Worship Guitar - Bethel,1094,Filiph Campos
9346,Filiph Campos,2016-06-04,False,False,patches.php?mode=show&unit=G3&ID=9346,3.0,Base Guitarr - Bethel,785,Filiph Campos
9347,Filiph Campos,2016-06-04,False,False,patches.php?mode=show&unit=G3&ID=9347,3.0,Lead Tone Guitar - Bethel,1094,Filiph Campos
9348,Filiph Campos,2016-06-04,False,False,patches.php?mode=show&unit=G3&ID=9348,1.0,Lead Tone Guitar - Bethel,592,Filiph Campos
9349,Filiph Campos,2016-06-04,False,False,patches.php?mode=show&unit=G3&ID=9349,2.0,Sweels Guitar Tone - Bethel,871,Filiph Campos
9334,Carlos Santana,2016-05-30,False,False,patches.php?mode=show&unit=G3&ID=9334,4.0,C. Santana,2040,Davide Luccardi
9329,Megadeth,2016-05-29,True,False,patches.php?mode=show&unit=G3&ID=9329,5.0,Skin O My Teeth,1233,Nicholas Da Ron...
9327,Zagni L.,2016-05-27,False,False,patches.php?mode=show&unit=G3&ID=9327,1.0,boss sd1 booster,607,Zagni L.
9318,Led Zeppelin,2016-05-22,True,False,patches.php?mode=show&unit=G3&ID=9318,,Clean - Stairway To Heaven,2409,Andrea Calzetta
9309,Zagni L.,2016-05-15,False,False,patches.php?mode=show&unit=G3&ID=9309,5.0,Hot Metal/Hard Rock rhythmics,875,Zagni L.
9310,Zagni L.,2016-05-15,False,False,patches.php?mode=show&unit=G3&ID=9310,4.0,Hot Metal/ Hard Rock lead,786,Zagni L.
9311,Zagni L.,2016-05-15,False,False,patches.php?mode=show&unit=G3&ID=9311,1.0,Hot Clean Metal/ Hard Rock,775,Zagni L.
9307,The White Stripes,2016-05-14,False,True,patches.php?mode=show&unit=G3&ID=9307,,Seven Nation Army,1058,Danilo Lima
9302,Zagni L.,2016-05-08,False,False,patches.php?mode=show&unit=G3&ID=9302,5.0,Metal Hard Rock,1044,Zagni L.
9303,Zagni L.,2016-05-08,False,False,patches.php?mode=show&unit=G3&ID=9303,5.0,Solo Metal Hard Rock,954,zagni L.
9304,zagni l.,2016-05-08,False,False,patches.php?mode=show&unit=G3&ID=9304,,Clean,897,Zagni L.
9298,Josep QuiÃ±onero,2016-05-06,True,False,patches.php?mode=show&unit=G3&ID=9298,,Mobius,963,Mobius
9297,The White Stripes,2016-05-03,False,True,patches.php?mode=show&unit=G3&ID=9297,4.0,BlueOrchid,751,Danilo Lima
9289,n/a,2016-04-28,False,False,patches.php?mode=show&unit=G3&ID=9289,3.0,MS59,561,Anon
9285,G3x,2016-04-27,False,False,patches.php?mode=show&unit=G3&ID=9285,,Default Factory Patches,1016,Criogena
9286,Void Seeker,2016-04-27,False,True,patches.php?mode=show&unit=G3&ID=9286,3.0,Void Seeker - Criogena,647,Criogena
9271,Me,2016-04-17,False,False,patches.php?mode=show&unit=G3&ID=9271,,Solid State Amp Boost,612,Nicholas Da Ron...
9272,Me,2016-04-17,True,False,patches.php?mode=show&unit=G3&ID=9272,3.0,80s Shred,1539,Nicholas Da Ron...
9273,Me,2016-04-17,True,False,patches.php?mode=show&unit=G3&ID=9273,3.0,Church Organ,944,Nicholas Da Ron...
9265,Black Sabbath,2016-04-16,True,False,patches.php?mode=show&unit=G3&ID=9265,1.0,Electric Funeral,1038,Nicholas Da Ron...
9268,mamerjamer,2016-04-16,False,False,patches.php?mode=show&unit=G3&ID=9268,,TW Rock,556,mamerjamer
9269,mamerjamer,2016-04-16,False,False,patches.php?mode=show&unit=G3&ID=9269,3.0,Good LP Nk,463,mamerrjamer
9262,Muse,2016-04-14,True,False,patches.php?mode=show&unit=G3&ID=9262,4.0,Plug in Baby Muse Fuzz Factory,1393,javiii00
9239,djent,2016-04-01,False,False,patches.php?mode=show&unit=G3&ID=9239,,warm clean,1093,eichtee
9194,Jack White,2016-03-09,False,False,patches.php?mode=show&unit=G3&ID=9194,,Jack White,1026,bwj_theone
9142,N/A,2016-02-20,False,False,patches.php?mode=show&unit=G3&ID=9142,3.0,Hi Gain 1,956,anonimus
9143,N/A,2016-02-20,False,False,patches.php?mode=show&unit=G3&ID=9143,,Hi Gain 2,717,anonimus
9145,N/A,2016-02-20,False,False,patches.php?mode=show&unit=G3&ID=9145,5.0,Hi Gain 3,849,anonimus
9133,john petrucci,2016-02-15,False,False,patches.php?mode=show&unit=G3&ID=9133,3.0,Dreamtheater,1688,rakistah
9134,john petrucci,2016-02-15,False,False,patches.php?mode=show&unit=G3&ID=9134,3.0,"80""s Classic Drive",1315,rakistah
9135,eric johnson,2016-02-15,False,False,patches.php?mode=show&unit=G3&ID=9135,1.0,Eric johnson clean (dry),1338,rakistah
9105,David Reeves,2016-02-03,False,False,patches.php?mode=show&unit=G3&ID=9105,,EnsembleLead,865,David Reeves
9093,Periphery jake,2016-01-28,False,False,patches.php?mode=show&unit=G3&ID=9093,4.0,Djent,1183,Yuto
9091,Kas,2016-01-27,False,True,patches.php?mode=show&unit=G3&ID=9091,2.0,Country Clean,1993,Kas67
9092,Steve Lukather,2016-01-27,False,True,patches.php?mode=show&unit=G3&ID=9092,,Lukather / Old,1594,Kas67
9090,Various,2016-01-26,False,False,patches.php?mode=show&unit=G3&ID=9090,1.0,Vintage Clean,1264,Sexylol
9074,N/A,2016-01-19,False,False,patches.php?mode=show&unit=G3&ID=9074,4.0,metal100%,1000,cimon
9066,nicky,2016-01-13,False,False,patches.php?mode=show&unit=G3&ID=9066,,Country clean,1225,Kas67
9043,steve vai,2015-12-26,True,False,patches.php?mode=show&unit=G3&ID=9043,4.0,vai,2233,mark dal
9040,john petrucci,2015-12-25,True,False,patches.php?mode=show&unit=G3&ID=9040,2.5,dt images rythm,1686,mark dal
8973,Van Halen,2015-11-29,True,False,patches.php?mode=show&unit=G3&ID=8973,4.3,Runnin' With The Devil,2555,GDB
8974,Van Halen,2015-11-29,True,False,patches.php?mode=show&unit=G3&ID=8974,3.8,Dance The Night Away,1626,GDB
8975,Van Halen,2015-11-29,True,False,patches.php?mode=show&unit=G3&ID=8975,2.5,Everybody Wants Some!!,1166,GDB
8976,Van Halen,2015-11-29,True,False,patches.php?mode=show&unit=G3&ID=8976,3.3,Unchained,1090,GDB
8977,Van Halen,2015-11-29,True,False,patches.php?mode=show&unit=G3&ID=8977,4.7,"Oh, Pretty Woman",1731,GDB
8978,Van Halen,2015-11-29,True,False,patches.php?mode=show&unit=G3&ID=8978,4.0,Panama,2160,GDB
8964,Slayer,2015-11-15,False,True,patches.php?mode=show&unit=G3&ID=8964,4.5,Seasons in the Abyss,2054,FedX79
8966,Alice In Chains - Jerry Cantrell,2015-11-15,False,False,patches.php?mode=show&unit=G3&ID=8966,3.5,Man In The Box,1356,FedX79
8928,Edney Helene,2015-11-01,False,False,patches.php?mode=show&unit=G3&ID=8928,1.0,G3x RAndall RG1503 Tone,1058,Edney Helene
8913,Edney Helene,2015-10-24,False,False,patches.php?mode=show&unit=G3&ID=8913,4.6,G5 patchs converted to work on G3x,1795,Edney Helene
8914,N/A,2015-10-24,False,False,patches.php?mode=show&unit=G3&ID=8914,5.0,Clean Fender Bassman,2530,CAS
8915,N/A,2015-10-24,False,False,patches.php?mode=show&unit=G3&ID=8915,5.0,Clean Blues Breaker,2062,CAS
8916,N/A,2015-10-24,False,False,patches.php?mode=show&unit=G3&ID=8916,1.0,Clean Vibroverb,1081,CAS
8917,N/A,2015-10-24,False,False,patches.php?mode=show&unit=G3&ID=8917,5.0,Clean Boogie Mark III,1722,CAS
8918,N/A,2015-10-24,False,False,patches.php?mode=show&unit=G3&ID=8918,3.0,Clean Plexi,1113,CAS
8897,Efe,2015-10-11,False,False,patches.php?mode=show&unit=G3&ID=8897,4.0,10 Clean Patches,2267,Efe Cobanoglu
8890,80's \ dream pop \ post rock,2015-10-05,False,False,patches.php?mode=show&unit=G3&ID=8890,2.0,LushDream,1051,olegario santan...
8891,80's \ dream pop \ post rock LEAD,2015-10-05,False,False,patches.php?mode=show&unit=G3&ID=8891,5.0,Lush_Lead,1893,olegario santan...
8853,Jesus Culture,2015-09-19,False,False,patches.php?mode=show&unit=G3&ID=8853,2.0,JCulture (Holding Nothing Back),941,Drago Dragoev
8855,Planetshakers,2015-09-19,False,False,patches.php?mode=show&unit=G3&ID=8855,2.0,Pltshakers,858,Drag Dragoev
8844,Thin Lizzy,2015-09-18,True,False,patches.php?mode=show&unit=G3&ID=8844,4.5,LizzyBreak,1596,bossfrog
8838,Pink Floyd,2015-09-15,True,False,patches.php?mode=show&unit=G3&ID=8838,3.0,Time Solo,1882,bossfrog
8827,imagine dragons,2015-09-02,False,False,patches.php?mode=show&unit=G3&ID=8827,1.0,shots,705,richardandpenny
8825,David Reeves,2015-08-31,True,False,patches.php?mode=show&unit=G3&ID=8825,1.0,Aby Metal patch.,923,David Reeves
8819,Chili Peppers,2015-08-25,False,False,patches.php?mode=show&unit=G3&ID=8819,2.5,Cleanish Marshall,1466,viddybender
8814,P.O.D,2015-08-23,True,False,patches.php?mode=show&unit=G3&ID=8814,2.5,Youth of the Nation,1067,EMG
8807,David Reeves,2015-08-20,True,False,patches.php?mode=show&unit=G3&ID=8807,3.0,Lead metal Patch.,988,David Reeves
8808,Them Crooked Vultures,2015-08-20,False,False,patches.php?mode=show&unit=G3&ID=8808,4.5,gunman,778,richardandpenny
8803,Rush,2015-08-15,True,False,patches.php?mode=show&unit=G3&ID=8803,3.3,Red Barchetta - Drive,965,FedX79
8804,Avenged Sevenfold,2015-08-15,True,False,patches.php?mode=show&unit=G3&ID=8804,3.0,Unholy Confessions (Waking The Fallen 2003),1489,Tigra
8801,Metallica,2015-08-14,True,False,patches.php?mode=show&unit=G3&ID=8801,4.0,Kill Em All Album - Distorion,2640,FedX79
8802,Stone Temple Pilots,2015-08-14,True,False,patches.php?mode=show&unit=G3&ID=8802,3.0,Wicked Garden,1110,FedX79
8791,Various Modern Jazz Players.,2015-08-05,False,False,patches.php?mode=show&unit=G3&ID=8791,5.0,ModrnJazz~,1965,teleosus
8786,"6 Surf Sounds ""Zipped""",2015-08-04,False,False,patches.php?mode=show&unit=G3&ID=8786,3.0,6_SurfSounds~,907,teleosus
8784,Scotty Moore,2015-08-01,False,False,patches.php?mode=show&unit=G3&ID=8784,4.0,ScMoore~,784,teleosus
8782,Wino,2015-07-29,False,False,patches.php?mode=show&unit=G3&ID=8782,3.0,Harmoniz,769,Wino
8781,Speedball,2015-07-26,False,False,patches.php?mode=show&unit=G3&ID=8781,2.0,Insane Metal,825,Thierry
8774,Strike witches - Ishida Yoko,2015-07-25,False,True,patches.php?mode=show&unit=G3&ID=8774,3.7,EMG89 for pop modern rock - Connect link,1335,syakugannoikamu...
8775,BB King,2015-07-25,False,False,patches.php?mode=show&unit=G3&ID=8775,4.0,BBKing~,2765,teleosus
8776,Beatles,2015-07-25,False,False,patches.php?mode=show&unit=G3&ID=8776,3.0,Beatles~,1303,teleosus
8756,Biraj,2015-07-18,False,False,patches.php?mode=show&unit=G3&ID=8756,5.0,Sweet Dist & Lead,1220,biraj
8753,Megadeth - Dave Mustaine,2015-07-13,True,False,patches.php?mode=show&unit=G3&ID=8753,3.8,Youthanasia Distortion - Album,1676,FedX79
8751,Dream Theater - John Petruci,2015-07-11,True,False,patches.php?mode=show&unit=G3&ID=8751,2.0,Images & Words Album - Distortion,1546,FedX79
8752,Pantera,2015-07-11,True,False,patches.php?mode=show&unit=G3&ID=8752,3.7,Dimebag Darrel Distortion,1868,FedX79
8750,Yuto,2015-07-10,False,False,patches.php?mode=show&unit=G3&ID=8750,3.3,Metal core sound,1014,yuto
8748,pink floyd,2015-07-09,False,False,patches.php?mode=show&unit=G3&ID=8748,2.0,run like hell,938,richardandpenny
8745,Nickelback,2015-07-05,False,False,patches.php?mode=show&unit=G3&ID=8745,5.0,Nickelback,1460,Hawkeyeted
8735,Zoom,2015-06-28,False,False,patches.php?mode=show&unit=G3&ID=8735,5.0,Good For Lead,1818,Prase
8736,ZOOM,2015-06-28,False,False,patches.php?mode=show&unit=G3&ID=8736,3.0,Fat and Warm Lead Sound,1188,Prase
8738,Doobie Brothers,2015-06-28,False,False,patches.php?mode=show&unit=G3&ID=8738,5.0,China Grove,1090,Marsden
8727,Green Day,2015-06-27,True,True,patches.php?mode=show&unit=G3&ID=8727,3.5,American idiot (Album),2167,MikyPt
8730,clean/acoustic,2015-06-27,False,False,patches.php?mode=show&unit=G3&ID=8730,4.7,"warm, clean tone",2422,TheEscalator
8723,black keys,2015-06-24,False,False,patches.php?mode=show&unit=G3&ID=8723,4.0,lonely boy,1059,richardandpenny
8724,U2,2015-06-24,False,False,patches.php?mode=show&unit=G3&ID=8724,2.0,MYSTERIOUS WAYS,922,RICHARDAND PENN...
8725,U2,2015-06-24,False,False,patches.php?mode=show&unit=G3&ID=8725,3.0,ZOOROPA,817,richardandpenny
8715,n/a,2015-06-21,True,False,patches.php?mode=show&unit=G3&ID=8715,3.0,Clean tone,1306,jaja
8696,Green/Moore-ish,2015-06-01,True,False,patches.php?mode=show&unit=G3&ID=8696,4.0,Need Your Love So Bad,1670,Will Patching
8690,Peter Green style,2015-05-29,False,True,patches.php?mode=show&unit=G3&ID=8690,3.0,Greeny Blues,1257,Will Patching
8687,Pink Floyd - David Gilmour,2015-05-24,False,False,patches.php?mode=show&unit=G3&ID=8687,2.0,Comfortably Numb,1900,Mattimonz
8663,Pink Floyd,2015-05-08,True,False,patches.php?mode=show&unit=G3&ID=8663,1.0,Time solo,1290,Alex_84
8666,Adam Jones,2015-05-08,False,False,patches.php?mode=show&unit=G3&ID=8666,5.0,Tool,1113,Bergison
8660,Dire Straits/Knopfler,2015-05-04,False,False,patches.php?mode=show&unit=G3&ID=8660,1.0,General Knopfler,1677,Alex_84
8638,"The Shadows, Hank Marvin",2015-05-03,False,True,patches.php?mode=show&unit=G3&ID=8638,3.5,The Shadows patches,12720,MatevÅ¾B
8620,Brian may (but not his particular tone),2015-04-15,True,False,patches.php?mode=show&unit=G3&ID=8620,5.0,Liquid lead attempt,1359,Cules
8616,Rock'n'Roller,2015-04-13,True,False,patches.php?mode=show&unit=G3&ID=8616,1.0,D.I.R.T &  B.O.M.B.,1104,P.Z.
8581,_,2015-04-03,True,False,patches.php?mode=show&unit=G3&ID=8581,4.5,modern metal tone,2794,ryoooooooosuke2...
8573,Arctic Monkeys,2015-03-24,False,False,patches.php?mode=show&unit=G3&ID=8573,4.0,Arctic Monkeys (first CDs),1365,Tom Magar
8574,Arctic Monkeys,2015-03-24,False,False,patches.php?mode=show&unit=G3&ID=8574,4.0,Arctic Monkeys (last CDs),1161,Tom Magar
8560,joe satriani,2015-03-16,False,True,patches.php?mode=show&unit=G3&ID=8560,3.5,satch 1,2142,tsunamizone
8562,Metallica,2015-03-16,True,False,patches.php?mode=show&unit=G3&ID=8562,4.3,Fade to Black (clean tone),4687,Piotr Sz.
8555,jeff beck,2015-03-15,False,True,patches.php?mode=show&unit=G3&ID=8555,3.0,pgr beck,1199,tsunamizone
8558,Paul Kossoff,2015-03-15,False,True,patches.php?mode=show&unit=G3&ID=8558,3.0,alrite now,778,tsunamizone
8559,hendrix,2015-03-15,False,False,patches.php?mode=show&unit=G3&ID=8559,1.0,ladyland,794,tsunamizone
8550,"Metal , Rock",2015-03-13,True,False,patches.php?mode=show&unit=G3&ID=8550,3.7,Overdrive 2,2436,Piotr Sz.
8546,eric johnson,2015-03-11,False,True,patches.php?mode=show&unit=G3&ID=8546,4.0,cod clean,1979,tsunamizone
8542,MirrorV,2015-03-10,True,False,patches.php?mode=show&unit=G3&ID=8542,2.3,"vintage sound (the cure, placebo, ecc.)",1555,MirrorV
8543,MirrorV,2015-03-10,True,False,patches.php?mode=show&unit=G3&ID=8543,3.0,acoustic guitar,2873,MirrorV
8544,Placebo,2015-03-10,True,False,patches.php?mode=show&unit=G3&ID=8544,4.0,Special Needs,1180,MirrorV
8545,u2,2015-03-10,True,False,patches.php?mode=show&unit=G3&ID=8545,4.5,electrical storm,1614,MirrorV
8535,jimi hendrix,2015-03-09,False,False,patches.php?mode=show&unit=G3&ID=8535,5.0,cln jimi,1689,tsunamizone
8536,cream (eric clapton),2015-03-09,False,False,patches.php?mode=show&unit=G3&ID=8536,3.0,creamy t,1153,tsunamizone
8540,SANTANA { BLACK MAGIC WOMAN },2015-03-09,False,False,patches.php?mode=show&unit=G3&ID=8540,3.0,bmwoman,1726,tsunamizone
8524,eric johnson,2015-03-08,False,False,patches.php?mode=show&unit=G3&ID=8524,4.5,e johnson,1451,tsunamizone
8525,60's,2015-03-08,False,False,patches.php?mode=show&unit=G3&ID=8525,3.0,ham organ,1079,tsunamizone
8526,jimi hendrix,2015-03-08,False,False,patches.php?mode=show&unit=G3&ID=8526,3.0,little wing,1323,tsunamizone
8527,eddie van halen,2015-03-08,False,False,patches.php?mode=show&unit=G3&ID=8527,2.0,eruption,1139,tsunamizone
8528,jimi hendrix,2015-03-08,False,False,patches.php?mode=show&unit=G3&ID=8528,3.3,hendrix,1189,tsunamizone
8529,deep purple,2015-03-08,False,False,patches.php?mode=show&unit=G3&ID=8529,2.0,smokewater,1855,tsunamizone
8530,prince,2015-03-08,False,False,patches.php?mode=show&unit=G3&ID=8530,3.0,purplerain,1396,tsunamizone
8531,country,2015-03-08,False,False,patches.php?mode=show&unit=G3&ID=8531,3.5,honkytonk,1262,tsunamizone
8532,peter frampton,2015-03-08,False,False,patches.php?mode=show&unit=G3&ID=8532,3.0,frampton-1,683,tsunamizone
8533,rhcp,2015-03-08,False,False,patches.php?mode=show&unit=G3&ID=8533,5.0,chillpeppr,1880,tsunamizone
8534,eric johnson,2015-03-08,False,False,patches.php?mode=show&unit=G3&ID=8534,5.0,mrjohnson,1237,tsunamizone
8510,Brian May,2015-02-28,False,False,patches.php?mode=show&unit=G3&ID=8510,5.0,HPS solo,1629,boxvictor
8511,Brian May,2015-02-28,False,False,patches.php?mode=show&unit=G3&ID=8511,4.5,May`s Solo,1590,boxvictor
8512,David Gilmore,2015-02-28,False,False,patches.php?mode=show&unit=G3&ID=8512,4.5,PINK CITY,1325,boxvictor
8513,David Gilmore,2015-02-28,False,False,patches.php?mode=show&unit=G3&ID=8513,2.5,Cluster One,843,boxvictor
8514,___,2015-02-28,False,False,patches.php?mode=show&unit=G3&ID=8514,2.0,BOTOM SOLO,612,boxvictor
8494,djentleman,2015-02-21,True,False,patches.php?mode=show&unit=G3&ID=8494,2.7,djent,1274,djentleman
8461,Intervals/The Afterimage,2015-02-15,False,False,patches.php?mode=show&unit=G3&ID=8461,3.0,Metal/The Afterimage/Djent/Intervals,1219,Alonsofr94
8447,Cream,2015-02-09,False,False,patches.php?mode=show&unit=G3&ID=8447,1.0,Cream - Sunshine of your love,1154,CrazyDiamond
8440,Iron Maiden,2015-02-07,False,True,patches.php?mode=show&unit=G3&ID=8440,1.0,7thson - The clairvoyant,1485,syakugannoikamu...
8438,Herick,2015-02-04,False,False,patches.php?mode=show&unit=G3&ID=8438,4.0,metal/lead,879,Herick
8435,Metallica,2015-02-03,False,True,patches.php?mode=show&unit=G3&ID=8435,4.0,For Whom The Bell Tolls,1419,mr.mustaine
8417,Gary moore,2015-01-24,False,True,patches.php?mode=show&unit=G3&ID=8417,5.0,GARY03 - Blood of emeralds,1746,syakugannoikamu...
8415,Metallica,2015-01-22,True,False,patches.php?mode=show&unit=G3&ID=8415,4.0,Ride The Lightning Album,2174,mr.mustaine
8405,Megadeth,2015-01-18,False,False,patches.php?mode=show&unit=G3&ID=8405,3.0,Tornado Of Souls,1409,mr.mustaine
8393,EISENbricher,2015-01-10,True,False,patches.php?mode=show&unit=G3&ID=8393,3.5,Arena Power Electric Guitar,1422,EISENbricher
8378,DIME,2014-12-28,False,False,patches.php?mode=show&unit=G3&ID=8378,3.0,VULGAR&FAr beyond  DIME DISTORTION 100%,1084,VIPER  EVO
8362,Ethan,2014-12-18,False,False,patches.php?mode=show&unit=G3&ID=8362,2.0,StS Clean,889,ethanplaysguita...
8363,Scale the Summit,2014-12-18,False,False,patches.php?mode=show&unit=G3&ID=8363,,StS Rhythm,811,ethanplaysguita...
8364,Scale the Summit,2014-12-18,False,False,patches.php?mode=show&unit=G3&ID=8364,,StS Lead,821,ethanplaysguita...
8365,Scale the Summit,2014-12-18,False,False,patches.php?mode=show&unit=G3&ID=8365,4.0,Slo Clean,922,ethanplaysguita...
8356,OASIS,2014-12-07,True,False,patches.php?mode=show&unit=G3&ID=8356,3.0,NOEL GALLAGHER TONE,1783,bLiNd88
8347,classic rock psychedelic rock,2014-12-04,True,False,patches.php?mode=show&unit=G3&ID=8347,1.0,leslie \rotary simulation,1374,olegario santan...
8348,Porcupine tree kinda distortion (foabp),2014-12-04,True,False,patches.php?mode=show&unit=G3&ID=8348,3.0,octaved pitch distortion,962,olegario santan...
8334,The beatles,2014-11-30,False,False,patches.php?mode=show&unit=G3&ID=8334,,Twist and Shout,1309,220V
8335,The Ramones,2014-11-30,False,False,patches.php?mode=show&unit=G3&ID=8335,1.0,Merry Xmas,865,220 V
8336,220 V,2014-11-30,False,False,patches.php?mode=show&unit=G3&ID=8336,4.0,220V Metal,1079,220 V
8337,220 V,2014-11-30,False,False,patches.php?mode=show&unit=G3&ID=8337,1.0,220V Metal 1,913,220 V
8338,220 V,2014-11-30,False,False,patches.php?mode=show&unit=G3&ID=8338,5.0,220V Metal 2,1322,220 V
8339,Metalllica,2014-11-30,False,False,patches.php?mode=show&unit=G3&ID=8339,4.0,metallica distorted,1608,220 V
8340,220 V,2014-11-30,False,False,patches.php?mode=show&unit=G3&ID=8340,3.0,Rock N Roll,1031,220 V
8341,220 V,2014-11-30,False,False,patches.php?mode=show&unit=G3&ID=8341,2.0,Rock With Delay,796,220 V
8342,220 V,2014-11-30,False,False,patches.php?mode=show&unit=G3&ID=8342,,Run around sue - distorted,576,220 V
8343,CCR,2014-11-30,False,False,patches.php?mode=show&unit=G3&ID=8343,5.0,Fortunate Son,995,220 V
8344,The Jesus and Mary Chain,2014-11-30,False,False,patches.php?mode=show&unit=G3&ID=8344,4.0,April Skies,689,220 V
8345,220 V,2014-11-30,False,False,patches.php?mode=show&unit=G3&ID=8345,3.0,Seven Nation Army,859,220 V
8346,The Cure,2014-11-30,False,False,patches.php?mode=show&unit=G3&ID=8346,,It's Not You,736,220 V
8323,Charlie Brown Jr,2014-11-24,False,True,patches.php?mode=show&unit=G3&ID=8323,4.0,Lugar ao sol,929,Guilherme hensi...
8322,Pavement,2014-11-23,True,False,patches.php?mode=show&unit=G3&ID=8322,,Early Pavement sound,742,Toni Ruiz
8313,Incubus,2014-11-15,False,False,patches.php?mode=show&unit=G3&ID=8313,5.0,nice to know/pardon me,1145,Monzeuqirne
8312,Pink Floyd,2014-11-14,False,False,patches.php?mode=show&unit=G3&ID=8312,5.0,money ( tremolo),1408,barrient
8303,Many classic rockers,2014-11-06,True,False,patches.php?mode=show&unit=G3&ID=8303,4.3,Classic Rock,3582,Jusme
8299,Pink Floyd,2014-11-01,False,True,patches.php?mode=show&unit=G3&ID=8299,3.8,Comfortably Numb  live version,3270,barrient
8300,classic Hard ROCK,2014-11-01,False,False,patches.php?mode=show&unit=G3&ID=8300,4.0,Marshall CRUNCH,1740,Denis B.
8296,Yngwie Malmsteen,2014-10-27,False,False,patches.php?mode=show&unit=G3&ID=8296,4.0,YJM,2329,ig
8292,metallica,2014-10-25,False,False,patches.php?mode=show&unit=G3&ID=8292,5.0,one ( intro),1491,barrient
8284,Arch Enemy,2014-10-23,False,False,patches.php?mode=show&unit=G3&ID=8284,2.7,War Arch #1,1121,Clint Fulks
8285,Arch Enemy,2014-10-23,False,False,patches.php?mode=show&unit=G3&ID=8285,2.0,War Eternal,1035,Clint Fulks
8286,EVH,2014-10-23,False,False,patches.php?mode=show&unit=G3&ID=8286,1.0,Eruption,1174,Clint Fulks
8287,Dime,2014-10-23,False,False,patches.php?mode=show&unit=G3&ID=8287,3.6,Dime 101 live,1163,Clint Fulks
8288,Kreator,2014-10-23,False,False,patches.php?mode=show&unit=G3&ID=8288,3.0,Phantom Antichrist,1201,Clint Fulks
8289,ENGL !!,2014-10-23,False,False,patches.php?mode=show&unit=G3&ID=8289,5.0,ENGL Invader Solo,1640,Clint Fulks
8290,Bogner XTC Solo,2014-10-23,False,False,patches.php?mode=show&unit=G3&ID=8290,,Bogner XTC,962,Clint Fulks
8273,radiohead,2014-10-21,False,False,patches.php?mode=show&unit=G3&ID=8273,1.0,Subterranean Homesick Alien,909,barrient
8274,jet,2014-10-21,False,False,patches.php?mode=show&unit=G3&ID=8274,3.0,Are You Gonna Be My Girl,964,barrient
8275,Smashing Pumpkins,2014-10-21,True,False,patches.php?mode=show&unit=G3&ID=8275,,Today,864,Engel666
8257,tom petty,2014-10-11,False,False,patches.php?mode=show&unit=G3&ID=8257,1.0,learning to fly,987,barrient
8259,-,2014-10-11,True,False,patches.php?mode=show&unit=G3&ID=8259,3.2,HQ Electric Bass,2336,EISENbricher
8255,Ayofish,2014-10-09,False,False,patches.php?mode=show&unit=G3&ID=8255,3.3,Crunchy Overdrive Through a High Watt,936,ayofish
8256,Ayofish,2014-10-09,False,False,patches.php?mode=show&unit=G3&ID=8256,4.0,Heavy Distortion Through a High Watt,789,ayofish
8248,pearl jam,2014-10-05,False,True,patches.php?mode=show&unit=G3&ID=8248,4.0,yellow ledbetter,1422,barrient
8246,Jimi Hendrix,2014-10-04,True,False,patches.php?mode=show&unit=G3&ID=8246,3.0,VoodooChild,2509,Someone
8247,the smiths,2014-10-04,False,True,patches.php?mode=show&unit=G3&ID=8247,,how soon is now (tremolo intro),888,barrient
8236,The Cure,2014-09-28,False,False,patches.php?mode=show&unit=G3&ID=8236,,The Holy Hour,739,Toni Ruiz
8234,My Bloody  Valentine,2014-09-27,False,False,patches.php?mode=show&unit=G3&ID=8234,1.0,Sometimes,786,Toni Ruiz
8228,EISENbricher,2014-09-25,False,True,patches.php?mode=show&unit=G3&ID=8228,3.0,Clean Dreamy Electric,1023,EISENbricher
8225,EISENbricher,2014-09-24,True,False,patches.php?mode=show&unit=G3&ID=8225,4.0,HQ Clean Acoustic,3243,EISENbricher
8223,Synyster gates,2014-09-22,True,False,patches.php?mode=show&unit=G3&ID=8223,5.0,Synyster Gates,1677,syn
8215,Slash,2014-09-20,True,False,patches.php?mode=show&unit=G3&ID=8215,4.3,Slash Live Tokyo Dome in 1992,4941,Junior Barbosa
8207,The Rolling Stones,2014-09-17,True,False,patches.php?mode=show&unit=G3&ID=8207,4.0,(I Can't Get No) Satisfaction,2567,Jusme
8198,Raymond Mabinay,2014-09-08,True,False,patches.php?mode=show&unit=G3&ID=8198,4.7,CRAZY CAT,963,Raymond Mabinay
8194,Boston - Tom Scholz,2014-09-07,False,True,patches.php?mode=show&unit=G3&ID=8194,5.0,3rdSTAGE - We're Ready,1272,syakugannoikamu...
8196,The brian Jonestown massacre,2014-09-07,False,False,patches.php?mode=show&unit=G3&ID=8196,,Servo-Leads,564,LeaderSheep
8183,ZOOM,2014-08-31,False,False,patches.php?mode=show&unit=G3&ID=8183,2.0,Raw sounds,907,P.Z.
8181,Me,2014-08-27,False,False,patches.php?mode=show&unit=G3&ID=8181,,ROCKER,706,Denis B.
8173,Rock,2014-08-22,False,False,patches.php?mode=show&unit=G3&ID=8173,2.5,Saul2014,744,Max
8174,Max,2014-08-22,False,False,patches.php?mode=show&unit=G3&ID=8174,,saul1908,556,Max
8156,Jusme,2014-08-13,True,False,patches.php?mode=show&unit=G3&ID=8156,5.0,Steve Vai meets Brian May,1284,Jusme
8145,Dire Straits,2014-08-09,True,False,patches.php?mode=show&unit=G3&ID=8145,4.0,Money for Nothing,2862,RoflcopterDX
8142,U2,2014-08-08,False,False,patches.php?mode=show&unit=G3&ID=8142,4.0,Where the Streets Have No Name,1720,ryv1984
8143,U2,2014-08-08,False,False,patches.php?mode=show&unit=G3&ID=8143,,Bad,979,ryv1984
8139,Metallica,2014-08-05,False,False,patches.php?mode=show&unit=G3&ID=8139,4.0,Kill'em All-Seek and Destroy,1626,WojtekCymerys
8115,Bon Jovi,2014-07-31,True,False,patches.php?mode=show&unit=G3&ID=8115,2.5,Wanted Dead or Alive,2700,Biz
8098,Johnny Winter,2014-07-27,False,False,patches.php?mode=show&unit=G3&ID=8098,1.0,test sound,684,Krazymik InPers...
8099,Melvin Taylor,2014-07-27,False,False,patches.php?mode=show&unit=G3&ID=8099,3.0,Style,622,Krazymik InPers...
8100,Punk '77,2014-07-27,False,False,patches.php?mode=show&unit=G3&ID=8100,4.0,Rhythm,985,Krazymik InPers...
8101,Rory Gallagher,2014-07-27,False,False,patches.php?mode=show&unit=G3&ID=8101,,Test,668,Krazymik InPers...
8092,The Rolling Stones,2014-07-23,True,False,patches.php?mode=show&unit=G3&ID=8092,3.0,Mother's Little Helper,887,Jusme
8090,EchoCoversHD,2014-07-21,False,False,patches.php?mode=show&unit=G3&ID=8090,1.0,Heavy Distortion,1068,EchoCoversHD
8091,EchoCoversHD,2014-07-21,False,False,patches.php?mode=show&unit=G3&ID=8091,3.0,Clean,1204,EchoCoversHD
7986,dave brubeck,2014-07-15,False,False,patches.php?mode=show&unit=G3&ID=7986,1.0,take five,1049,barrient
7975,Me,2014-07-10,False,False,patches.php?mode=show&unit=G3&ID=7975,,Bass tone,1776,Me
7976,EVH,2014-07-10,False,False,patches.php?mode=show&unit=G3&ID=7976,,and the cradle will rock flanger,1230,Me
7973,The Byrds & The Beatles,2014-07-09,True,False,patches.php?mode=show&unit=G3&ID=7973,5.0,Turn Turn Turn & If I Needed Someone,1518,Subridere
7968,soda stereo,2014-07-08,False,False,patches.php?mode=show&unit=G3&ID=7968,3.0,disco eterno,1066,barrient
7959,Eric Clapton,2014-07-05,False,False,patches.php?mode=show&unit=G3&ID=7959,5.0,Cocain,3416,220V
7960,Kenny Wayne Sheppard,2014-07-05,False,False,patches.php?mode=show&unit=G3&ID=7960,1.0,Blue on Black,929,220V
7961,George and the satelites,2014-07-05,False,False,patches.php?mode=show&unit=G3&ID=7961,2.0,Keep your hands to yourself,631,220V
7962,The cure,2014-07-05,False,False,patches.php?mode=show&unit=G3&ID=7962,4.0,Just like Heaven,1146,220V
7963,Pearl Jam,2014-07-05,False,False,patches.php?mode=show&unit=G3&ID=7963,3.0,Last Kiss,950,220V
7964,Bryan Adams,2014-07-05,False,False,patches.php?mode=show&unit=G3&ID=7964,4.0,Summer of 69 (working),1319,220V
7965,Midnight Oil,2014-07-05,False,False,patches.php?mode=show&unit=G3&ID=7965,3.0,Beds are Burning,866,220V
7954,Bryan Adams,2014-07-04,False,False,patches.php?mode=show&unit=G3&ID=7954,,Summer of 69,1046,220V
7948,creedence clearwater revival,2014-07-03,False,False,patches.php?mode=show&unit=G3&ID=7948,3.0,midnight special  tremolo intro,857,barrient
7952,The Scorpions,2014-07-03,True,False,patches.php?mode=show&unit=G3&ID=7952,3.7,The Scorpions,1818,Jusme
7946,vahid,2014-07-01,False,False,patches.php?mode=show&unit=G3&ID=7946,5.0,blues. vahid,760,...
7943,Daft Punk,2014-06-28,False,True,patches.php?mode=show&unit=G3&ID=7943,3.0,Get Lucky,2540,91Snake
7942,Henky Backer,2014-06-26,False,True,patches.php?mode=show&unit=G3&ID=7942,3.7,Metal High Gain,2137,Parabellum
7938,Metalllica,2014-06-25,False,False,patches.php?mode=show&unit=G3&ID=7938,4.0,And Justice for All,1621,CrissE
7939,Metallica,2014-06-25,False,False,patches.php?mode=show&unit=G3&ID=7939,,Fade to Black - solo,1526,CrissE
7937,Iron Maiden,2014-06-24,True,False,patches.php?mode=show&unit=G3&ID=7937,3.0,Wasted Years,2759,Biz
7927,Marillion,2014-06-19,True,False,patches.php?mode=show&unit=G3&ID=7927,5.0,Kayleigh,1441,Jusme
7928,RUSH,2014-06-19,True,False,patches.php?mode=show&unit=G3&ID=7928,5.0,Working Man,1112,Jusme
7910,Green Day,2014-06-13,True,True,patches.php?mode=show&unit=G3&ID=7910,4.5,American idiot (beginning guitar),4315,MikyGD
7906,Marillion,2014-06-12,True,False,patches.php?mode=show&unit=G3&ID=7906,,This is the 21st Century,646,Jusme
7908,Basic bass patch,2014-06-12,True,False,patches.php?mode=show&unit=G3&ID=7908,5.0,Bass,2300,Jusme
7905,Anyone who uses a mandolin,2014-06-11,True,False,patches.php?mode=show&unit=G3&ID=7905,4.0,Mandolin,1166,Jusme
7899,Steve Rothery,2014-06-06,True,False,patches.php?mode=show&unit=G3&ID=7899,1.0,Marillion,853,Jusme
7898,Queen/Brian May,2014-06-02,True,False,patches.php?mode=show&unit=G3&ID=7898,,Headlong,1210,Jusme
7887,"Acoustic, no specific artist.",2014-05-28,True,False,patches.php?mode=show&unit=G3&ID=7887,3.7,Sudacu,2616,Jusme
7883,Elton John/Davey Johnstone,2014-05-25,True,False,patches.php?mode=show&unit=G3&ID=7883,3.7,The Bitch Is Back,1246,Jusme
7884,Motley Crue,2014-05-25,True,False,patches.php?mode=show&unit=G3&ID=7884,4.3,motleycrue - Kickstart my heart,1493,syakugannoikamu...
7881,Jusme,2014-05-22,True,False,patches.php?mode=show&unit=G3&ID=7881,3.0,Water,840,Jusme
7880,Van Halen,2014-05-21,True,False,patches.php?mode=show&unit=G3&ID=7880,2.6,E.V.H.,1212,Jusme
7877,Rhythm,2014-05-19,True,False,patches.php?mode=show&unit=G3&ID=7877,1.0,Metal/High Gain,1427,guitarman
7878,Lead,2014-05-19,True,False,patches.php?mode=show&unit=G3&ID=7878,3.3,High Gain Lead Tone,1904,guitarman
7879,Jusme,2014-05-19,True,False,patches.php?mode=show&unit=G3&ID=7879,1.5,Ibanez PT3,870,Jusme
7870,AC/DC,2014-05-15,True,False,patches.php?mode=show&unit=G3&ID=7870,4.0,Angus,3574,Jusme
7865,David Gilmour,2014-05-13,False,False,patches.php?mode=show&unit=G3&ID=7865,1.5,On the turning away,1264,Flyther
7866,Tito and tarantula,2014-05-13,True,False,patches.php?mode=show&unit=G3&ID=7866,3.0,After dark - From dusk till dawn,1247,Flyther
7867,Queens of the stone age,2014-05-13,False,False,patches.php?mode=show&unit=G3&ID=7867,3.0,I sat by the ocean,846,Flyther
7860,John petrucci-Dream Theater,2014-05-11,True,False,patches.php?mode=show&unit=G3&ID=7860,4.8,Finally Free (Lead),5699,cules
7855,Elton John/Davey Johnstone,2014-05-07,True,False,patches.php?mode=show&unit=G3&ID=7855,3.5,Saturday Night's Alright For Fighting,800,Jusme
7856,RUSH/Alex Lifeson,2014-05-07,True,False,patches.php?mode=show&unit=G3&ID=7856,2.0,Limelight,1045,Jusme
7846,Stevie Ray Vaughan,2014-05-01,True,False,patches.php?mode=show&unit=G3&ID=7846,3.3,SRV,2446,Jusme
7842,AC/DC,2014-04-30,True,False,patches.php?mode=show&unit=G3&ID=7842,3.8,Angustrat,2896,Jusme
7843,The Beatles,2014-04-30,True,False,patches.php?mode=show&unit=G3&ID=7843,2.0,Revolution,1114,Jusme
7839,Erman,2014-04-28,True,False,patches.php?mode=show&unit=G3&ID=7839,3.7,Brian May Bohemian Rapsody,1955,Erman
7824,sweet ARMS - Trust in you,2014-04-23,False,True,patches.php?mode=show&unit=G3&ID=7824,5.0,81DRIVE - Rock backing for EMG 81,1110,syakugannoikamu...
7817,Stryper Michael Sweet/Oz Fox,2014-04-18,True,False,patches.php?mode=show&unit=G3&ID=7817,4.0,Stryper,802,Jusme
7780,Me,2014-03-29,True,False,patches.php?mode=show&unit=G3&ID=7780,4.2,Variax1928,1790,Kurt
7781,Me,2014-03-29,True,False,patches.php?mode=show&unit=G3&ID=7781,1.0,VariaxAc12,1372,Kurt
7782,Me,2014-03-29,True,False,patches.php?mode=show&unit=G3&ID=7782,3.0,VariaxAcou,1517,Kurt
7783,Me,2014-03-29,True,False,patches.php?mode=show&unit=G3&ID=7783,4.8,VariaxSitr,1632,Kurt
7784,Me,2014-03-29,True,False,patches.php?mode=show&unit=G3&ID=7784,3.5,VariaxBanj,1422,Kurt
7774,None...Mini Big Ben,2014-03-26,True,False,patches.php?mode=show&unit=G3&ID=7774,4.3,Clock Chimes,1055,Jusme
7773,Zakk Wylde,2014-03-25,True,False,patches.php?mode=show&unit=G3&ID=7773,2.0,Wylde Distortion,2448,Jusme
7771,Oasis,2014-03-24,True,False,patches.php?mode=show&unit=G3&ID=7771,3.0,Supersonic Noel,1503,bLiNd88
7760,Beatles,2014-03-23,True,False,patches.php?mode=show&unit=G3&ID=7760,2.5,FAB4-1966,1449,Kurt
7761,TheBeatles,2014-03-23,True,False,patches.php?mode=show&unit=G3&ID=7761,4.5,FAB-1966#2,2747,Kurt
7762,Me,2014-03-23,True,False,patches.php?mode=show&unit=G3&ID=7762,5.0,GermTicVI#,1434,Kurt
7763,PeterGreen/Greeny,2014-03-23,True,False,patches.php?mode=show&unit=G3&ID=7763,5.0,MrGreeny#,1086,Kurt
7764,PeterGreen-FleetwoodMac/IfYouBeMyBaby,2014-03-23,True,False,patches.php?mode=show&unit=G3&ID=7764,,PG-IfYouBe,1014,Kurt
7765,PeterGreen-FleetwoodMac/Bluesjam in Chicago 1969,2014-03-23,False,False,patches.php?mode=show&unit=G3&ID=7765,2.0,MrGreen4#,825,Kurt
7769,Tommy Tedesco,2014-03-23,True,False,patches.php?mode=show&unit=G3&ID=7769,4.0,Three's Company,884,Jusme
7752,Def Leppard,2014-03-21,True,False,patches.php?mode=show&unit=G3&ID=7752,4.2,Hysteria (Lead),3082,Biz
7753,X-Japan,2014-03-21,False,True,patches.php?mode=show&unit=G3&ID=7753,2.0,X - World Anthem,1391,syakugannoikamu...
7747,periphery,2014-03-17,False,False,patches.php?mode=show&unit=G3&ID=7747,3.3,Djenty,1192,Yuto
7702,Pink Floyd / David Gilmour,2014-03-11,True,False,patches.php?mode=show&unit=G3&ID=7702,3.8,Run Like Hell,1845,Jusme
7699,Me,2014-03-10,False,False,patches.php?mode=show&unit=G3&ID=7699,5.0,For Solo,2144,Arefeen Shourav
7700,Maybe Ravi Shankar,2014-03-10,True,False,patches.php?mode=show&unit=G3&ID=7700,3.3,Sitarish,1212,Jusme
7701,Bon Scott?,2014-03-10,True,False,patches.php?mode=show&unit=G3&ID=7701,3.7,Bagpipes,1416,Jusme
7698,No one in particular,2014-03-09,True,False,patches.php?mode=show&unit=G3&ID=7698,3.0,Wah Always On,1154,Jusme
7695,HELLOWEEN,2014-03-08,True,True,patches.php?mode=show&unit=G3&ID=7695,3.0,HELLOWEEN - I'm alive,1466,syakugannoikamu...
7693,Stevie Nicks / Waddy Wachtel (guitarist),2014-03-06,True,False,patches.php?mode=show&unit=G3&ID=7693,4.0,Edge of Seventeen,998,Jusme
7694,Queen / Brian May,2014-03-06,True,False,patches.php?mode=show&unit=G3&ID=7694,2.0,Brighton Rock,1663,Jusme
7680,Steve Vai,2014-02-27,True,False,patches.php?mode=show&unit=G3&ID=7680,3.7,Ballerina 12/24,2402,Jusme
7672,Me,2014-02-26,True,False,patches.php?mode=show&unit=G3&ID=7672,4.5,335Crunsh1,1542,Kurt
7673,Me,2014-02-26,True,False,patches.php?mode=show&unit=G3&ID=7673,4.2,60sJazzRec,2825,Kurt
7674,FleetwoodMac/BluesJamInChicago1969,2014-02-26,True,False,patches.php?mode=show&unit=G3&ID=7674,2.0,MrGreen2#,1551,Kurt
7675,Janne Shaffer,2014-02-26,True,False,patches.php?mode=show&unit=G3&ID=7675,,ShafferSet,794,Kurt
7662,Me,2014-02-22,True,False,patches.php?mode=show&unit=G3&ID=7662,4.0,BasicTwin#,3679,Kurt
7663,Me,2014-02-22,True,False,patches.php?mode=show&unit=G3&ID=7663,3.8,Surf60´s2#,1735,Kurt
7664,Me,2014-02-22,True,False,patches.php?mode=show&unit=G3&ID=7664,3.5,MarvinSTR,1308,Kurt
7665,SteveMillerBand/FlyLIkeAnEagle,2014-02-22,True,False,patches.php?mode=show&unit=G3&ID=7665,3.0,SerenadeSM,1207,Kurt
7647,Alanis Morissette,2014-02-19,False,True,patches.php?mode=show&unit=G3&ID=7647,4.0,You Oughta Know,1143,marcocdxx
7642,Deep Purple - Ritchie Blackmore,2014-02-19,True,False,patches.php?mode=show&unit=G3&ID=7642,4.3,DP - Highway star,3556,syakugannoikamu...
7645,Audioslave,2014-02-19,False,False,patches.php?mode=show&unit=G3&ID=7645,2.0,Cochise,1208,marcocdxx
7646,Bryan Adams,2014-02-19,False,False,patches.php?mode=show&unit=G3&ID=7646,4.0,Summer of 69,2103,marcocdxx
7638,Alanis Morrisette,2014-02-18,False,False,patches.php?mode=show&unit=G3&ID=7638,1.0,Ironic,858,marcocdxx
7628,me,2014-02-15,False,False,patches.php?mode=show&unit=G3&ID=7628,5.0,Glam Noise Gate,941,Hutch
7629,Dramarama,2014-02-15,False,False,patches.php?mode=show&unit=G3&ID=7629,3.0,Anything,742,Hutch
7598,Me,2014-02-06,True,False,patches.php?mode=show&unit=G3&ID=7598,2.0,Surf60´s,1259,Kurt
7599,BeachBoys,2014-02-06,True,False,patches.php?mode=show&unit=G3&ID=7599,1.0,BeachBBVI#,1044,Kurt
7600,Me,2014-02-06,True,False,patches.php?mode=show&unit=G3&ID=7600,3.0,TIcTacBVI1,784,Kurt
7601,JaneBirkin/SergeGainsbourg,2014-02-06,True,False,patches.php?mode=show&unit=G3&ID=7601,4.3,JeTaimeVI#,1150,Kurt
7602,Me,2014-02-06,False,False,patches.php?mode=show&unit=G3&ID=7602,,SpagBVI1#,613,Kurt
7603,Me,2014-02-06,False,False,patches.php?mode=show&unit=G3&ID=7603,,SpagBVI2#,846,Kurt
7604,Me,2014-02-06,True,False,patches.php?mode=show&unit=G3&ID=7604,2.0,DuanJetVI#,899,Kurt
7585,Me - SWMusicDe,2014-01-31,False,True,patches.php?mode=show&unit=G3&ID=7585,3.7,SwMusicDe - Metal,1425,SteffenRTS
7583,Hi Gain Shredder,2014-01-30,False,False,patches.php?mode=show&unit=G3&ID=7583,1.0,Maybe a great high Gain Lead Tone LOL,1189,Trash Metal
7577,A Day To Remember,2014-01-29,True,False,patches.php?mode=show&unit=G3&ID=7577,4.0,All Around Metal Tone,2953,guitarman
7567,Me - Infinite Storatos,2014-01-26,False,True,patches.php?mode=show&unit=G3&ID=7567,3.5,DRIVE - for rock backing - Super Stream,1144,syakugannoikamu...
7568,Me - Infinite Storatos,2014-01-26,False,True,patches.php?mode=show&unit=G3&ID=7568,2.7,CRUNCH - for rock backing - Super Stream,994,syakugannoikamu...
7561,PANTERA,2014-01-24,True,False,patches.php?mode=show&unit=G3&ID=7561,2.8,Mouth For War,2239,Takosaladjo
7558,Mark Knopfler,2014-01-23,True,False,patches.php?mode=show&unit=G3&ID=7558,3.7,Dire Straits - Sultans of Swing,3393,David
7559,Mark  Knopfler,2014-01-23,True,False,patches.php?mode=show&unit=G3&ID=7559,3.8,Corrected sound file for below - Dire Straits,2606,David
7555,Boston - Tom Schultz,2014-01-22,False,True,patches.php?mode=show&unit=G3&ID=7555,3.3,BostonLD  - Star Spangled Banner - Lead,1586,syakugannoikamu...
7547,Joe Satriani,2014-01-17,True,False,patches.php?mode=show&unit=G3&ID=7547,4.0,Joe Satriani  - Premonition,2549,David
7544,Journey - Neal Schon,2014-01-16,False,True,patches.php?mode=show&unit=G3&ID=7544,3.3,ACO SIM,1590,syakugannoikamu...
7545,Journey - Neal Schon,2014-01-16,False,True,patches.php?mode=show&unit=G3&ID=7545,5.0,SCHON,1141,syakugannoikamu...
7542,HELLYEAH,2014-01-15,True,False,patches.php?mode=show&unit=G3&ID=7542,,Hellyeah,877,vxsyn
7540,John Sykes - Whitesnake,2014-01-14,True,False,patches.php?mode=show&unit=G3&ID=7540,3.3,SYKES,1545,syakugannoikamu...
7536,Randy Rhoads - Ozzy Osbourne,2014-01-13,True,False,patches.php?mode=show&unit=G3&ID=7536,4.0,RR,2941,syakugannoikamu...
7532,Van Halen,2014-01-11,True,False,patches.php?mode=show&unit=G3&ID=7532,4.2,5150,3647,syakugannoikamu...
7533,Boston - Tom Schultz - More than feeling - intro clean,2014-01-11,True,False,patches.php?mode=show&unit=G3&ID=7533,4.0,BostonCL,1998,syakugannoikamu...
7530,Avenged Sevenfold,2014-01-10,True,False,patches.php?mode=show&unit=G3&ID=7530,4.5,Critical Acclaim,2403,vxsyn
7531,JUDAS PRIEST,2014-01-10,True,False,patches.php?mode=show&unit=G3&ID=7531,4.0,80JUDAS,1924,syakugannoikamu...
7527,KoRn,2014-01-09,True,False,patches.php?mode=show&unit=G3&ID=7527,3.0,Coming Undone,1876,vxsyn
7523,U2,2014-01-06,False,False,patches.php?mode=show&unit=G3&ID=7523,4.0,BAD,1039,Bergison
7516,Soundgarden,2014-01-04,False,True,patches.php?mode=show&unit=G3&ID=7516,5.0,away2long,1305,Vic
7515,Guns,2014-01-03,True,False,patches.php?mode=show&unit=G3&ID=7515,3.3,Guns AFD,2038,teuteu
7495,Dire Straits,2013-12-28,False,False,patches.php?mode=show&unit=G3&ID=7495,5.0,Money for Nothing,2903,Cooltide
7478,Tool - Adam Jones,2013-12-14,True,False,patches.php?mode=show&unit=G3&ID=7478,4.2,Tool,2557,NateDZ
7465,Dire Straits,2013-12-09,False,False,patches.php?mode=show&unit=G3&ID=7465,3.0,Sultans of Swing,2519,FenderIceman
7463,David Gilmour,2013-12-08,False,False,patches.php?mode=show&unit=G3&ID=7463,4.2,Shine On You Crazy Diamond,3135,Vishwendra sing...
7464,David Gilmour,2013-12-08,True,False,patches.php?mode=show&unit=G3&ID=7464,3.8,Time,2767,Vishwendra sing...
7461,Avicii,2013-12-06,True,False,patches.php?mode=show&unit=G3&ID=7461,3.3,Wake Me Up Synth,1511,Arjun
7445,CMNA,2013-11-28,False,False,patches.php?mode=show&unit=G3&ID=7445,,CMNA - BOSS Distorsión,899,CMNA
7397,Peter Frampton,2013-11-21,True,False,patches.php?mode=show&unit=G3&ID=7397,3.8,Talk Box  -  Do you feel like we do   ; for G3x,1973,David
7391,CMNA,2013-11-18,False,False,patches.php?mode=show&unit=G3&ID=7391,5.0,Metal Distortion V2 with Reverb,1121,christian_amaya
7386,Led Zeppelin,2013-11-17,True,False,patches.php?mode=show&unit=G3&ID=7386,4.6,Stairway to Heaven solo,6917,Guitar_per_semp...
7388,CMNA,2013-11-17,False,False,patches.php?mode=show&unit=G3&ID=7388,2.0,Metal Distortion whit Solo and Wah,1207,Christian_Amaya
7343,Slash,2013-10-28,True,False,patches.php?mode=show&unit=G3&ID=7343,3.0,Dirty Slash,2416,Gui___Smo
7341,Hendrix_SRV,2013-10-27,True,False,patches.php?mode=show&unit=G3&ID=7341,4.5,Hendrix_SRV,4471,Peoples2
7322,U2,2013-10-20,False,False,patches.php?mode=show&unit=G3&ID=7322,4.5,Where Streets Have No Name,1878,Bergison
7316,DR,2013-10-17,False,False,patches.php?mode=show&unit=G3&ID=7316,1.0,Only Distos,752,Ric
7312,Ennio Morricone,2013-10-15,False,False,patches.php?mode=show&unit=G3&ID=7312,4.0,Morricone,1436,Ric
7313,me,2013-10-15,False,False,patches.php?mode=show&unit=G3&ID=7313,1.0,Patches G5 Bank1,1220,Ric
7314,me,2013-10-15,False,False,patches.php?mode=show&unit=G3&ID=7314,5.0,Patches G5 Bank2,1139,Ric
7315,me,2013-10-15,False,False,patches.php?mode=show&unit=G3&ID=7315,1.0,Patches G5 Bank3,1049,Ric
7310,Arctic Monkeys,2013-10-14,False,False,patches.php?mode=show&unit=G3&ID=7310,4.0,Mad Sounds,858,mynamesucks_
7296,Jeff Buckley,2013-10-12,False,False,patches.php?mode=show&unit=G3&ID=7296,1.0,Jeff Buckley Hallelujah,1291,LeaderSheep
7286,DR,2013-10-10,False,False,patches.php?mode=show&unit=G3&ID=7286,1.5,FingerBass,1205,Ric
7287,DR,2013-10-10,False,False,patches.php?mode=show&unit=G3&ID=7287,1.0,PhaserLead,969,Ric
7288,DR,2013-10-10,False,False,patches.php?mode=show&unit=G3&ID=7288,2.0,WahLeadDRV,872,Ric
7283,DR,2013-10-07,False,False,patches.php?mode=show&unit=G3&ID=7283,5.0,SpecialDR9,826,Ric
7279,Asian Kung-fu generation,2013-10-05,False,False,patches.php?mode=show&unit=G3&ID=7279,2.0,Haruka kanata,999,Kiluange
7281,DR,2013-10-05,False,False,patches.php?mode=show&unit=G3&ID=7281,1.0,SpecialDR8,755,Ric
7271,DR,2013-10-04,False,False,patches.php?mode=show&unit=G3&ID=7271,1.0,SpecialDR1,755,Ric
7272,DR,2013-10-04,False,False,patches.php?mode=show&unit=G3&ID=7272,1.0,SpecialDR2,684,Ric
7273,DR,2013-10-04,False,False,patches.php?mode=show&unit=G3&ID=7273,1.0,SpecialDR3,604,Ric
7274,DR,2013-10-04,False,False,patches.php?mode=show&unit=G3&ID=7274,1.0,SpecialDR4,685,Ric
7275,DR,2013-10-04,False,False,patches.php?mode=show&unit=G3&ID=7275,4.0,SpecialDR5,671,Ric
7276,DR,2013-10-04,False,False,patches.php?mode=show&unit=G3&ID=7276,1.0,SpecialDR6,591,Ric
7277,DR,2013-10-04,False,False,patches.php?mode=show&unit=G3&ID=7277,1.0,SpecialDR7,756,Ric
7264,Oasis,2013-09-27,True,False,patches.php?mode=show&unit=G3&ID=7264,1.0,Supersonic,1391,anonymous
7265,Oasis,2013-09-27,True,False,patches.php?mode=show&unit=G3&ID=7265,4.3,Cigarettes & Alcohol,1803,someone
7266,Jimi Hendrix,2013-09-27,True,False,patches.php?mode=show&unit=G3&ID=7266,4.5,Little Wing,5285,somewone
7257,Sludge,2013-09-22,False,False,patches.php?mode=show&unit=G3&ID=7257,3.5,Sludge,826,Dave776
7254,Pink Floyd,2013-09-21,False,False,patches.php?mode=show&unit=G3&ID=7254,4.0,comfortablynumb,1979,alruiz
7241,Periphery,2013-09-11,False,False,patches.php?mode=show&unit=G3&ID=7241,5.0,Djenty,1088,Sean
7233,Metallica,2013-09-07,True,False,patches.php?mode=show&unit=G3&ID=7233,2.8,Master of Puppets rythm tone v 1.1,4829,AquapunK
7231,Ivan Lipsky,2013-09-05,False,False,patches.php?mode=show&unit=G3&ID=7231,3.8,RussianShredMashine,6461,Ivan Lipsky
7226,Me(and me),2013-09-03,False,True,patches.php?mode=show&unit=G3&ID=7226,4.4,"Metal Rhythm (yeah, again)",3281,Berk A.
7227,The Eagles,2013-09-03,False,False,patches.php?mode=show&unit=G3&ID=7227,1.0,Hotel California - SOLO,2781,Bergison
7216,Green Day,2013-08-29,True,False,patches.php?mode=show&unit=G3&ID=7216,3.0,Dookie,3039,Miky GD
7217,Nirvana,2013-08-29,False,False,patches.php?mode=show&unit=G3&ID=7217,1.0,Clean,1704,Firu_uK
7218,Buckethead,2013-08-29,False,False,patches.php?mode=show&unit=G3&ID=7218,3.0,Night Of The Slunk,897,Firu_uK
7220,joe,2013-08-29,False,False,patches.php?mode=show&unit=G3&ID=7220,1.0,acustica,1418,joe
7210,MeshuggaH,2013-08-28,True,True,patches.php?mode=show&unit=G3&ID=7210,3.7,KOLOSS 1.0,1478,Guti050
7208,Def Leppard,2013-08-27,True,False,patches.php?mode=show&unit=G3&ID=7208,4.3,Lead Reup,5351,Biz
7205,Shadows,2013-08-26,False,False,patches.php?mode=show&unit=G3&ID=7205,1.0,APACHE,1693,Rick Diablo
7206,Nirvana,2013-08-26,False,False,patches.php?mode=show&unit=G3&ID=7206,1.0,Anorexorcist,875,Firu_uK
7199,Hawkwind,2013-08-23,False,False,patches.php?mode=show&unit=G3&ID=7199,5.0,Hawkwind_Master of the Universe Dist,884,Firu_uK
7200,Nirvana,2013-08-23,True,False,patches.php?mode=show&unit=G3&ID=7200,4.5,Come as you are,6049,Dave776
7188,Héroes del Silencio,2013-08-19,True,False,patches.php?mode=show&unit=G3&ID=7188,4.4,Limpio/Distorsion,2266,jespierd
7181,....,2013-08-18,True,False,patches.php?mode=show&unit=G3&ID=7181,4.5,Nice Lead I Think(delay + reverb),2125,Berk A.
7171,N/A,2013-08-11,False,False,patches.php?mode=show&unit=G3&ID=7171,1.0,GWiz,653,Shane
7166,Slash(G'N'R),2013-08-09,False,False,patches.php?mode=show&unit=G3&ID=7166,3.5,Sweet Child'O Mine Intro,2801,Agam Johar
7168,vinnie moore,2013-08-09,False,True,patches.php?mode=show&unit=G3&ID=7168,5.0,my patch,1222,Aof
7163,Def Leppard,2013-08-06,True,False,patches.php?mode=show&unit=G3&ID=7163,3.9,Pour Some Sugar On Me (Lead),1703,Biz
7159,Aliens,2013-08-04,True,False,patches.php?mode=show&unit=G3&ID=7159,4.8,Solid Metal Rhythm Tone (Version 2.56742432312),4106,Berk A.
7145,Metallica,2013-07-29,False,True,patches.php?mode=show&unit=G3&ID=7145,3.6,Enter Sandman Rhythm Type,3921,Berk A.
7144,Eric Johnson,2013-07-28,False,False,patches.php?mode=show&unit=G3&ID=7144,4.3,Cliffs of Dover,2751,Bergison
7126,Sum 41,2013-07-18,True,False,patches.php?mode=show&unit=G3&ID=7126,4.5,Still Waiting,1994,Biz
7124,Cindirela,2013-07-17,False,False,patches.php?mode=show&unit=G3&ID=7124,3.0,distorsiondobleoctavado,917,abel baut
7116,Golden Earrng,2013-07-12,True,False,patches.php?mode=show&unit=G3&ID=7116,5.0,Radar Love,1610,Biz
7117,Mor ve Ötesi,2013-07-12,False,False,patches.php?mode=show&unit=G3&ID=7117,5.0,Bir Derdim Var,715,serkanmk94
7105,Queens of the stone age,2013-07-09,True,False,patches.php?mode=show&unit=G3&ID=7105,3.0,No one knows,1151,Dave776
7098,Queens of the stone age,2013-07-06,False,False,patches.php?mode=show&unit=G3&ID=7098,2.0,Regular John,760,Dave776
7082,Zoom,2013-07-02,False,False,patches.php?mode=show&unit=G3&ID=7082,4.0,All only Amp Models Center Adj *zipped*,1114,teleosus
7083,Zoom,2013-07-02,False,False,patches.php?mode=show&unit=G3&ID=7083,5.0,G3 Version1 Original Factory Patches *zipped*,2011,teleosus
7074,ZIOOM,2013-06-28,False,False,patches.php?mode=show&unit=G3&ID=7074,3.0,G3X,1145,Parapet
7061,rage agains the machine,2013-06-25,False,False,patches.php?mode=show&unit=G3&ID=7061,4.7,bombtrack ratm,1630,ColombiaMetal
7062,rage against the machine,2013-06-25,False,False,patches.php?mode=show&unit=G3&ID=7062,4.7,bombtrack ratm dist1,1761,ColombiaMetal
7050,tom sawyer,2013-06-23,False,False,patches.php?mode=show&unit=G3&ID=7050,4.0,Punked,892,ColombiaMetal
7051,Angus Young,2013-06-23,False,False,patches.php?mode=show&unit=G3&ID=7051,2.7,Acdc,2517,agamjohar
7042,Me,2013-06-18,False,False,patches.php?mode=show&unit=G3&ID=7042,3.0,Vivid Cln,811,Jeff W.
7035,Niezly_Skurwiel,2013-06-13,False,False,patches.php?mode=show&unit=G3&ID=7035,5.0,Change tuning in your guitar from E to D standart ,1500,Niezly_Skurwiel
7029,Metallica,2013-06-10,False,False,patches.php?mode=show&unit=G3&ID=7029,4.0,Esandman intro,1648,ColombiaMetal
7025,periphery,2013-06-08,False,False,patches.php?mode=show&unit=G3&ID=7025,2.0,Djenty,1174,djentleman
7021,Dogbleep,2013-06-07,False,False,patches.php?mode=show&unit=G3&ID=7021,4.0,Dom's Patch setup,730,Dom
7008,Dire Straits Mark Knopfler,2013-06-02,False,True,patches.php?mode=show&unit=G3&ID=7008,4.5,Sultans Of Swing live,3308,localhero
7009,N/A,2013-06-02,False,False,patches.php?mode=show&unit=G3&ID=7009,1.0,SpaceEcho,936,Firu_uK
7007,Ac Dc,2013-06-01,False,False,patches.php?mode=show&unit=G3&ID=7007,4.0,Ac Dc Sound,2243,IAmTheOne
7005,Dire Straits Mark Knopfler,2013-05-31,False,True,patches.php?mode=show&unit=G3&ID=7005,4.3,Tunnel of love solo,2038,localhero
7001,Blink-182,2013-05-29,False,False,patches.php?mode=show&unit=G3&ID=7001,4.0,All the small things,1558,ColombiaMetal
7002,Blink-182,2013-05-29,False,False,patches.php?mode=show&unit=G3&ID=7002,4.3,Blink-182,1783,ColombiaMetal
7000,BLACK SABBATH,2013-05-28,False,False,patches.php?mode=show&unit=G3&ID=7000,4.5,IOMMI,1797,ColombiaMetal
6993,Link Wray,2013-05-22,False,False,patches.php?mode=show&unit=G3&ID=6993,3.0,Rumble,825,Tiago
6988,Guns'n'Roses,2013-05-21,False,False,patches.php?mode=show&unit=G3&ID=6988,4.5,KNOCKIN' ON HEAVEN'S DOOR,3761,Tiago
6987,Pearl Jam,2013-05-20,False,False,patches.php?mode=show&unit=G3&ID=6987,3.5,Better Man,1128,Tiago
6984,Dream Theater,2013-05-17,False,True,patches.php?mode=show&unit=G3&ID=6984,4.3,Images & Words Rhythm,2969,ozangenc
6985,Dream Theater,2013-05-17,False,True,patches.php?mode=show&unit=G3&ID=6985,4.0,Images & Words Lead,2874,ozangenc
6986,Dream Theater,2013-05-17,False,True,patches.php?mode=show&unit=G3&ID=6986,4.6,Images & Words/Awake Clean,2577,ozangenc
6974,Van Halen,2013-05-12,False,True,patches.php?mode=show&unit=G3&ID=6974,4.8,Ain't Talkin' 'Bout Love,4256,ozangenc
6971,Led Zeppelin,2013-05-11,False,False,patches.php?mode=show&unit=G3&ID=6971,2.0,Since I've Been Loving You,1430,Bergison
6972,Led Zeppelin,2013-05-11,False,False,patches.php?mode=show&unit=G3&ID=6972,1.0,Since I've Been Loving You-Song Tone,1022,Bergison
6957,Metallica,2013-05-07,False,False,patches.php?mode=show&unit=G3&ID=6957,3.0,Distosión de Fade To Black,2011,Cheko Montesino...
6958,Metallica,2013-05-07,False,False,patches.php?mode=show&unit=G3&ID=6958,1.0,Limpios de Fade to black,1127,Cheko Montesino...
6959,Audioslave,2013-05-07,False,False,patches.php?mode=show&unit=G3&ID=6959,1.0,Estrofas de Like a stone,1036,Cheko Montesino...
6960,Audioslave,2013-05-07,False,False,patches.php?mode=show&unit=G3&ID=6960,2.5,Coros de Like A Stone,1145,Cheko Montesino...
6961,Rage  Against the Machine,2013-05-07,False,False,patches.php?mode=show&unit=G3&ID=6961,3.3,Killing the Name (Whammy),2327,Cheko Montesino...
6955,Audioslave,2013-05-06,False,False,patches.php?mode=show&unit=G3&ID=6955,4.0,Like a Stone Wahmmy,1901,Cheko Montesino...
6956,Audioslave,2013-05-06,False,False,patches.php?mode=show&unit=G3&ID=6956,1.0,Be your self,986,Cheko Montesino...
6931,Niezly_Skurwiel,2013-04-25,False,False,patches.php?mode=show&unit=G3&ID=6931,1.0,Harmonics in A-moll,1074,Niezly_Skurwiel
6932,Niezly_Skurwiel,2013-04-25,False,False,patches.php?mode=show&unit=G3&ID=6932,3.0,Light overdrive + clean,1466,Niezly_Skurwiel
6933,Niezly_Skurwiel,2013-04-25,False,False,patches.php?mode=show&unit=G3&ID=6933,3.0,Vibe + clean,1172,Niezly_Skurwiel
6934,Niezly_Skurwiel,2013-04-25,False,False,patches.php?mode=show&unit=G3&ID=6934,4.0,Acoustic for verse,1533,Niezly_Skurwiel
6935,Niezly_Skurwiel,2013-04-25,False,False,patches.php?mode=show&unit=G3&ID=6935,4.0,Big Distortion,1083,Niezly_Skurwiel
6929,me,2013-04-24,False,False,patches.php?mode=show&unit=G3&ID=6929,1.0,Heavy Distorion,985,gasty27
6930,gasty27,2013-04-24,False,True,patches.php?mode=show&unit=G3&ID=6930,3.0,Heavy Distorion update,1144,gasty27
6903,Zoom,2013-04-23,False,False,patches.php?mode=show&unit=G3&ID=6903,4.5,G3X,2572,Par
6879,hendrix,2013-04-09,True,False,patches.php?mode=show&unit=G3&ID=6879,4.8,hey joe,5537,mrk wmson
6846,Rodolfo Abrantes,2013-03-23,False,True,patches.php?mode=show&unit=G3&ID=6846,1.0,Isaias 9,943,dudusalvi
6847,Zoom,2013-03-23,False,False,patches.php?mode=show&unit=G3&ID=6847,1.0,G2.1 Default patches para zoom g3x. zip file,1526,Bassergio
6842,Bass,2013-03-21,True,False,patches.php?mode=show&unit=G3&ID=6842,4.9,UPDATE - Bass guitar for loops 1.1,3535,Darkharian
6835,n/a,2013-03-19,False,False,patches.php?mode=show&unit=G3&ID=6835,3.3,BitDelay v0.1,913,nssone
6833,eagles,2013-03-18,False,True,patches.php?mode=show&unit=G3&ID=6833,3.5,Hotel California solo,5745,localhero635
6824,Joe Satriani,2013-03-15,False,False,patches.php?mode=show&unit=G3&ID=6824,4.0,Joe Satriani tone,3748,Jethro Viloria
6825,Jethro Viloria,2013-03-15,False,False,patches.php?mode=show&unit=G3&ID=6825,1.0,Shimery piano sound,1508,Jethro Viloria
6826,Def Leppard,2013-03-15,False,False,patches.php?mode=show&unit=G3&ID=6826,5.0,When love and hate collide,918,Jethro Viloria
6827,Pedro's Mind,2013-03-15,False,True,patches.php?mode=show&unit=G3&ID=6827,1.5,La luna,724,Jethro Viloria
6819,Rammstein,2013-03-13,False,False,patches.php?mode=show&unit=G3&ID=6819,2.5,Du Hast,1817,Divaxz
6806,Bass,2013-03-03,True,False,patches.php?mode=show&unit=G3&ID=6806,5.0,Bass guitar for Loops,2118,Darkharian
6787,Audioslave,2013-02-23,False,False,patches.php?mode=show&unit=G3&ID=6787,1.0,Solo de like a stone,1476,Cheko montesino...
6788,Metallica,2013-02-23,False,False,patches.php?mode=show&unit=G3&ID=6788,4.8,Acustic ( nothing else matters ),4865,Cheko montesino...
6776,SV & KL,2013-02-21,False,False,patches.php?mode=show&unit=G3&ID=6776,2.5,SV & KL g2.1nu para G3 ( zip file ),974,Bassergio
6764,John Petrucci,2013-02-19,False,False,patches.php?mode=show&unit=G3&ID=6764,4.6,John Petrucci Clean,2761,Andre-RJ
6765,John Petrucci Clean Flanger,2013-02-19,False,False,patches.php?mode=show&unit=G3&ID=6765,4.5,John Petrucci Clean Flanger,2191,Andre-RJ
6766,John Petrucci,2013-02-19,False,False,patches.php?mode=show&unit=G3&ID=6766,4.2,John Petrucci Acoustic Piezo,2367,Andre-RJ
6767,John Petrucci,2013-02-19,False,False,patches.php?mode=show&unit=G3&ID=6767,4.4,John Petrucci Mesa Boogie Lead,4009,Andre-RJ
6763,Steve Vai,2013-02-18,False,False,patches.php?mode=show&unit=G3&ID=6763,2.0,Shred High Gain 3,1622,Tom
6752,Amimals,2013-02-17,False,False,patches.php?mode=show&unit=G3&ID=6752,2.5,House Of The Rising Sun,1598,Gerard
6745,Steve Vai,2013-02-15,False,False,patches.php?mode=show&unit=G3&ID=6745,2.0,Shred High Gain 2,1391,Tom
6743,Myself,2013-02-14,False,False,patches.php?mode=show&unit=G3&ID=6743,1.0,My own patch,792,Myself
6744,Children Of Bodom,2013-02-14,False,False,patches.php?mode=show&unit=G3&ID=6744,3.7,Children Of Bodom,1640,Dazter1000
6740,joe satriani,2013-02-13,False,False,patches.php?mode=show&unit=G3&ID=6740,4.0,"Always with you, always with me",2874,Jethro viloria
6742,Steve Vai,2013-02-13,False,False,patches.php?mode=show&unit=G3&ID=6742,2.5,Shred High Gain,1509,Tom
6738,Metallica,2013-02-09,True,False,patches.php?mode=show&unit=G3&ID=6738,4.2,Nothing Else Matters,3217,Exon17
6734,Slash,2013-02-07,False,False,patches.php?mode=show&unit=G3&ID=6734,4.0,Slash-Sweet Child O' Mine,4003,Slash?
6730,Bullet For My Valentine,2013-02-05,False,False,patches.php?mode=show&unit=G3&ID=6730,4.0,Metalcore,2032,Dazter1000
6718,Pink Floyd,2013-02-03,True,False,patches.php?mode=show&unit=G3&ID=6718,4.0,Comfortably Numb,5774,Thunfischdose
6719,Pink Floyd,2013-02-03,True,False,patches.php?mode=show&unit=G3&ID=6719,4.2,Shine on you crazy diamond,6510,Thunfischdose
6717,Darkharian,2013-02-01,True,False,patches.php?mode=show&unit=G3&ID=6717,4.0,Mad Metal,1411,Darkharian
6710,Steve vai,2013-01-28,True,False,patches.php?mode=show&unit=G3&ID=6710,3.3,for the love of god,4968,g3X
6702,MeTaLLicA,2013-01-24,False,False,patches.php?mode=show&unit=G3&ID=6702,5.0,Wherever I may roam,1989,Ubr7
6696,green day,2013-01-23,False,False,patches.php?mode=show&unit=G3&ID=6696,3.0,boulevard of broken dream,1672,adi_mulya
6694,Pink Floyd,2013-01-22,False,True,patches.php?mode=show&unit=G3&ID=6694,4.0,Shine on you -  Synth sound,2358,daymmon
6685,Deep purple,2013-01-16,False,False,patches.php?mode=show&unit=G3&ID=6685,5.0,Smoke on the water,3420,IAmTheOne
6679,ZZ Top,2013-01-14,False,True,patches.php?mode=show&unit=G3&ID=6679,3.0,La Grange 1st Solo Updated,1746,theFendersfine
6680,ZZ Top,2013-01-14,False,True,patches.php?mode=show&unit=G3&ID=6680,1.0,La Grange 2nd Solo,1287,TheFendersfine
6634,Limp Bizkit,2013-01-04,False,False,patches.php?mode=show&unit=G3&ID=6634,3.0,Sanitarium - Clean,1354,Ubr7
6610,TOMOYASU_HOTEI,2012-12-28,False,False,patches.php?mode=show&unit=G3&ID=6610,1.0,BOOWY,1418,Tomoharu
6591,Audioslave,2012-12-26,False,False,patches.php?mode=show&unit=G3&ID=6591,4.0,Gasoline,1327,Ben Neb Neb
6592,Led Zeppelin,2012-12-26,False,False,patches.php?mode=show&unit=G3&ID=6592,4.0,The Soundtrack From The Film The Song Remains The ,1337,Page 1
6584,The Beatles,2012-12-24,False,False,patches.php?mode=show&unit=G3&ID=6584,4.0,Can't Buy Me Love,1394,George
6585,BOOWY,2012-12-24,False,False,patches.php?mode=show&unit=G3&ID=6585,1.0,CASE OF BOOWY CLEAN,1387,Hotei
6586,BOOWY,2012-12-24,False,False,patches.php?mode=show&unit=G3&ID=6586,2.0,CASE OF BOOWY OD,1239,Hotei
6587,BOOWY,2012-12-24,False,False,patches.php?mode=show&unit=G3&ID=6587,5.0,CASE OF BOOWY DS,1232,Hotei
6588,BOOWY,2012-12-24,False,False,patches.php?mode=show&unit=G3&ID=6588,5.0,CASE OF BOOWY ER,1056,Hotei
6578,The Beatles,2012-12-23,False,False,patches.php?mode=show&unit=G3&ID=6578,4.0,I Want To Hold Your Hand,1411,George
6579,The Beatles,2012-12-23,False,False,patches.php?mode=show&unit=G3&ID=6579,1.0,I've Got A Feeling,1042,George
6581,The Beatles,2012-12-23,False,False,patches.php?mode=show&unit=G3&ID=6581,1.0,I've Got A Feeling,766,John
6582,The Beatles,2012-12-23,False,False,patches.php?mode=show&unit=G3&ID=6582,4.5,Birthday,1092,George
6575,daymmon,2012-12-22,False,True,patches.php?mode=show&unit=G3&ID=6575,3.0,Whales in the ocean,939,daymmon
6576,daymmon,2012-12-22,False,True,patches.php?mode=show&unit=G3&ID=6576,5.0,The Big Blue,924,daymmon
6577,daymmon,2012-12-22,False,True,patches.php?mode=show&unit=G3&ID=6577,3.0,Organ in the ocean,1030,daymmon
6573,Faith No More,2012-12-21,False,False,patches.php?mode=show&unit=G3&ID=6573,5.0,King For A Day,1251,Ben Neb Neb
6555,Sex Pistols,2012-12-09,False,False,patches.php?mode=show&unit=G3&ID=6555,3.5,God save the qeen,1767,IAmTheOne
6556,Гражданская обо&,2012-12-09,False,False,patches.php?mode=show&unit=G3&ID=6556,5.0,Всё идет,947,IAmTheOne
6557,Кино,2012-12-09,False,False,patches.php?mode=show&unit=G3&ID=6557,5.0,Звезда п,849,IAmTheOne
6558,Black Sabbath,2012-12-09,False,False,patches.php?mode=show&unit=G3&ID=6558,3.0,Iron Man,2815,IAmTheOne
6497,LEO BRAVO,2012-11-21,False,False,patches.php?mode=show&unit=G3&ID=6497,3.0,LEO BRAVO - MEU TIMBRE VOX CRUNCH ZOOM G3,1018,LEO BRAVO
6498,LEO BRAVO,2012-11-21,False,False,patches.php?mode=show&unit=G3&ID=6498,4.5,LEO BRAVO -  TIMBRE VOX SOLO ZOOM G3,995,LEO BRAVO
6499,LEO BRAVO,2012-11-21,False,False,patches.php?mode=show&unit=G3&ID=6499,3.0,LEO BRAVO - MEU TIMBRE FENDER CRUNCH G3,941,LEO BRAVO
6500,LEO BRAVO,2012-11-21,False,False,patches.php?mode=show&unit=G3&ID=6500,5.0,MEU TIMBRE fender solo ZOOM G3,1014,LEO BRAVO
6501,LEO BRAVO,2012-11-21,False,False,patches.php?mode=show&unit=G3&ID=6501,5.0,LEO BRAVO - MEU TIMBRE MARSHALL 1959 BASE G3,1407,LEO BRAVO
6490,Pink Floyd,2012-11-20,False,True,patches.php?mode=show&unit=G3&ID=6490,1.0,Us & Them,1641,daymmon
6491,Pink Floyd,2012-11-20,False,True,patches.php?mode=show&unit=G3&ID=6491,4.0,Breathe,2203,daymmon
6492,Pink Floyd,2012-11-20,False,True,patches.php?mode=show&unit=G3&ID=6492,4.5,Time (solo),2278,daymmon
6493,The Temper Trap,2012-11-20,False,True,patches.php?mode=show&unit=G3&ID=6493,2.0,Sweet Disposition,997,daymmon
6459,Me,2012-11-09,False,True,patches.php?mode=show&unit=G3&ID=6459,5.0,Recording Tone,1066,DeathandHealing
6460,Van Halen,2012-11-09,False,False,patches.php?mode=show&unit=G3&ID=6460,3.0,EVH.Old,1546,Tomoharu
6461,Van Halen,2012-11-09,False,False,patches.php?mode=show&unit=G3&ID=6461,4.0,EVH1984,1774,Tomoharu
6462,Nuno,2012-11-09,False,False,patches.php?mode=show&unit=G3&ID=6462,2.5,Nuno,1378,Tomoharu
6458,The Rolling Stone,2012-11-08,False,True,patches.php?mode=show&unit=G3&ID=6458,4.0,Brown sugar - start me up,3681,daymmon
6451,Hillsong,2012-11-06,False,False,patches.php?mode=show&unit=G3&ID=6451,4.0,Hossana,2180,Juan Pereira
6452,Me,2012-11-06,False,False,patches.php?mode=show&unit=G3&ID=6452,3.7,Overdrive,1596,Juan Pereira
6453,The Last Shadow Puppets,2012-11-06,False,True,patches.php?mode=show&unit=G3&ID=6453,3.7,My Mistakes Were Made For You,1392,Juan Pereira
6454,Soda Stereo - Gustavo Cerati,2012-11-06,False,True,patches.php?mode=show&unit=G3&ID=6454,5.0,Zona de Promesas,1026,Juan Pereira
6455,Me,2012-11-06,False,False,patches.php?mode=show&unit=G3&ID=6455,1.0,Funk,1477,Juan Pereira
6440,David Gilmour,2012-11-02,False,False,patches.php?mode=show&unit=G3&ID=6440,3.7,David Gilmour,3245,db
6413,Mayday Parade,2012-10-22,False,False,patches.php?mode=show&unit=G3&ID=6413,1.0,Jamie All Over,817,nrebua
6389,kasabian,2012-10-16,False,False,patches.php?mode=show&unit=G3&ID=6389,1.0,vlad the impaler,796,mynamesucks_
6380,--,2012-10-13,False,True,patches.php?mode=show&unit=G3&ID=6380,4.0,Surf style,1410,daymmon
6381,Me,2012-10-13,False,True,patches.php?mode=show&unit=G3&ID=6381,1.0,My favorite tone so far.,1230,DeathandHealing
6361,Jimi Hendrix,2012-10-04,False,True,patches.php?mode=show&unit=G3&ID=6361,3.8,"style Jimi, clean vibe fuzz",3299,daymmon
6352,Police,2012-09-30,False,False,patches.php?mode=show&unit=G3&ID=6352,4.3,Every Breath You Take,5248,ivaneffect
6350,The Shadows,2012-09-29,False,False,patches.php?mode=show&unit=G3&ID=6350,3.0,Apache / FBI,2114,xilex81
6344,Guns N' Roses,2012-09-28,True,False,patches.php?mode=show&unit=G3&ID=6344,4.6,Sweet Child O' Mine (by TuLiO),8619,TuLiO
6345,Iron Maiden,2012-09-28,True,False,patches.php?mode=show&unit=G3&ID=6345,3.7,The Trooper,7167,Biz
6341,The Ambassadors,2012-09-25,False,False,patches.php?mode=show&unit=G3&ID=6341,4.5,Pop-punk Punk-Rock,1487,siopao
6342,Secondhand Serenade,2012-09-25,False,False,patches.php?mode=show&unit=G3&ID=6342,3.0,Acoustic,2259,siopao
6291,Pink Floyd,2012-09-13,False,False,patches.php?mode=show&unit=G3&ID=6291,4.0,Echoes- guitar solo,2183,daymmon
6292,Santana,2012-09-13,False,False,patches.php?mode=show&unit=G3&ID=6292,2.7,Samba Pa Ti,2951,daymmon
6293,Santana,2012-09-13,False,False,patches.php?mode=show&unit=G3&ID=6293,1.0,Europa,3510,daymmon
6287,Pink Floyd,2012-09-12,False,False,patches.php?mode=show&unit=G3&ID=6287,3.0,Shine on you crazy - part 1,2093,daymmon
6288,Pink Floyd,2012-09-12,False,False,patches.php?mode=show&unit=G3&ID=6288,4.5,Shine on you crazy - part 2,1703,daymmon
6289,Pink Floyd,2012-09-12,False,False,patches.php?mode=show&unit=G3&ID=6289,3.5,Another Brick in the wall - part 2,4477,daymmon
6275,U2,2012-09-10,False,False,patches.php?mode=show&unit=G3&ID=6275,3.3,Where the streets have no nam,2303,daymmon
6276,U2,2012-09-10,False,False,patches.php?mode=show&unit=G3&ID=6276,4.0,Still havent found,2358,daymmon
6277,U2,2012-09-10,False,False,patches.php?mode=show&unit=G3&ID=6277,3.0,Pride,2074,daymmon
6278,U2,2012-09-10,False,False,patches.php?mode=show&unit=G3&ID=6278,3.0,With or without,3138,daymmon
6279,U2,2012-09-10,False,False,patches.php?mode=show&unit=G3&ID=6279,3.5,In god s countr,1234,daymmon
6280,U2,2012-09-10,False,False,patches.php?mode=show&unit=G3&ID=6280,4.0,Bad,1461,daymmon
6281,U2,2012-09-10,False,False,patches.php?mode=show&unit=G3&ID=6281,3.3,Mysterious way,2195,daymmon
6261,Rock General,2012-09-03,False,False,patches.php?mode=show&unit=G3&ID=6261,5.0,Rock General,1552,AlexRothwell
6262,Clean/Acoustic,2012-09-03,False,False,patches.php?mode=show&unit=G3&ID=6262,4.3,Clean/Acoustic,4403,AlexRothwell
6259,Randy Rhoads,2012-08-31,False,False,patches.php?mode=show&unit=G3&ID=6259,1.0,Randy Rhoads tone,1853,Cotoletta
6230,Hillsong,2012-08-22,False,False,patches.php?mode=show&unit=G3&ID=6230,3.5,hillsong overdrive,2465,nrebua
6232,Hillsong,2012-08-22,False,False,patches.php?mode=show&unit=G3&ID=6232,4.0,hossanna,1338,nrebua
6233,n/a,2012-08-22,False,False,patches.php?mode=show&unit=G3&ID=6233,1.0,shimmer volume swell,1349,nrebua
6234,paramore/all time low,2012-08-22,False,False,patches.php?mode=show&unit=G3&ID=6234,2.0,pop-punk,1466,nrebua
6209,John Petrucci / Dream Theater,2012-08-13,False,False,patches.php?mode=show&unit=G3&ID=6209,4.5,Petrucci Rhythm Tone,4379,ozangenc
6210,John Petrucci / Dream Theater,2012-08-13,False,False,patches.php?mode=show&unit=G3&ID=6210,4.0,Petrucci Clean Tone,2762,ozangenc
6177,Nirvana,2012-08-07,False,False,patches.php?mode=show&unit=G3&ID=6177,3.8,Smells Like Teen Spirit,5352,ozangenc
6176,Henky Backer,2012-08-06,True,False,patches.php?mode=show&unit=G3&ID=6176,4.3,Recharge (G3v2 patch),3038,Henky Backer
6170,Ola Englund,2012-08-03,False,False,patches.php?mode=show&unit=G3&ID=6170,4.5,Ola Englund Metal Tone,1454,kusabi
6168,SURVIVOR,2012-08-01,False,False,patches.php?mode=show&unit=G3&ID=6168,3.5,EYE OF TIGER,2217,cperugac
6150,guns n roses,2012-07-29,False,False,patches.php?mode=show&unit=G3&ID=6150,3.0,Sweet Child o Mine,2669,Uemura
6075,Various,2012-07-13,False,False,patches.php?mode=show&unit=G3&ID=6075,4.0,Slow Shimmer,2279,Bret
6076,Various,2012-07-13,False,False,patches.php?mode=show&unit=G3&ID=6076,1.0,Lead Shimmer,1376,Bret
6070,Allan Holdsworth,2012-07-10,False,False,patches.php?mode=show&unit=G3&ID=6070,1.0,Holdsworth clean,1528,Chan
6071,Allan Holdsworth,2012-07-10,False,False,patches.php?mode=show&unit=G3&ID=6071,5.0,Holdsworth Lead 1,1845,Chan
6072,Allan Holdsworth,2012-07-10,False,False,patches.php?mode=show&unit=G3&ID=6072,4.0,Holdsworth Lead 2,1603,Chan
6026,Soda Stereo,2012-06-30,False,False,patches.php?mode=show&unit=G3&ID=6026,3.0,Persiana Americana,1135,cperugac
5991,pantera,2012-06-27,False,False,patches.php?mode=show&unit=G3&ID=5991,3.8,dimebag tone,2420,massimo
5938,Nirvana,2012-06-15,False,False,patches.php?mode=show&unit=G3&ID=5938,5.0,like smells,1686,Jose Molina
5939,Pantera,2012-06-15,False,False,patches.php?mode=show&unit=G3&ID=5939,4.0,cowboys fh,2342,Jose Molina
5940,Metallica,2012-06-15,False,False,patches.php?mode=show&unit=G3&ID=5940,3.0,Masterme,1519,Jose Molina
5892,Metallica,2012-06-03,False,False,patches.php?mode=show&unit=G3&ID=5892,2.0,Low Man's Lyric,992,ozangenc
5893,Metallica,2012-06-03,False,False,patches.php?mode=show&unit=G3&ID=5893,3.0,Fuel,1693,ozangenc
5891,zkun,2012-06-02,False,False,patches.php?mode=show&unit=G3&ID=5891,1.0,ZKUN Drive,928,zkun
5875,Pink Floyd,2012-05-27,False,False,patches.php?mode=show&unit=G3&ID=5875,1.0,Run Like Hell,1760,xilex81
5877,Gary Moore,2012-05-27,False,False,patches.php?mode=show&unit=G3&ID=5877,3.0,Gary Moore Tone,4523,AlexRothwell
5878,DeathandHealing/Wintersun,2012-05-27,False,False,patches.php?mode=show&unit=G3&ID=5878,5.0,Death and Healing Acoustic,1489,DeathandHealing
5849,Slayer,2012-05-21,False,False,patches.php?mode=show&unit=G3&ID=5849,1.0,Slayer,1925,Guti 050
5853,Steve Hillage,2012-05-21,False,False,patches.php?mode=show&unit=G3&ID=5853,1.0,fish rising,795,hawk
5832,Cic,2012-05-07,False,False,patches.php?mode=show&unit=G3&ID=5832,3.0,La Freak,1312,MMcC
5815,Aerosmith,2012-05-01,True,False,patches.php?mode=show&unit=G3&ID=5815,4.5,Walk This Way,5909,Biz
5768,ZZ Top,2012-04-11,True,False,patches.php?mode=show&unit=G3&ID=5768,3.9,La Grange 2nd Solo,4193,TheFendersfine
5765,ZZ Top,2012-04-10,True,False,patches.php?mode=show&unit=G3&ID=5765,4.5,La Grange 1st Solo,4804,TheFendersfine
5763,Pantera,2012-04-09,False,False,patches.php?mode=show&unit=G3&ID=5763,2.3,Cowboys from Hell,2158,RSR
5760,Brian May (Queen),2012-04-08,False,False,patches.php?mode=show&unit=G3&ID=5760,3.8,Sleeping on the Sidewalk (Brian May),1961,Ove Tegnér (Ra...
5762,TOTO,2012-04-08,False,False,patches.php?mode=show&unit=G3&ID=5762,4.0,Hold the line,2345,Manolo Patch.
5757,David Gilmour,2012-04-06,True,False,patches.php?mode=show&unit=G3&ID=5757,4.5,Gilmour- Coming Back2Life 2solo,3608,BizzynK
5756,David Gilmour,2012-04-06,True,False,patches.php?mode=show&unit=G3&ID=5756,3.7,Gilmour-Coming back to Life Intro,2972,BizzynK
5751,Steve Vai,2012-04-03,False,False,patches.php?mode=show&unit=G3&ID=5751,3.0,For the love of God,2975,RSR
5743,Metallica,2012-03-29,True,False,patches.php?mode=show&unit=G3&ID=5743,4.3,Enter Sandman,12421,Biz
5740,n/a,2012-03-27,False,False,patches.php?mode=show&unit=G3&ID=5740,2.0,_Fuzzy,902,Jimis
5734,The Shadows,2012-03-25,False,False,patches.php?mode=show&unit=G3&ID=5734,3.0,Apache,2543,antonis
5735,The Shadows,2012-03-25,False,False,patches.php?mode=show&unit=G3&ID=5735,4.7,Apache (v2),2070,antonis
5730,Lonnie Mack,2012-03-24,False,False,patches.php?mode=show&unit=G3&ID=5730,4.0,Satisfy Susie/Double Whammy,943,hawk
5731,Rory Gallagher,2012-03-24,False,False,patches.php?mode=show&unit=G3&ID=5731,3.5,RGallagher,1600,hawk
5732,Rory Gallagher,2012-03-24,False,False,patches.php?mode=show&unit=G3&ID=5732,5.0,RGallagh 2,1174,hawk
5703,Bush,2012-03-15,True,False,patches.php?mode=show&unit=G3&ID=5703,4.3,Machinehead,1966,Biz
5705,Eric Clapton,2012-03-15,False,False,patches.php?mode=show&unit=G3&ID=5705,2.5,Clapton,4418,hawk
5696,Foo Fighters,2012-03-05,False,False,patches.php?mode=show&unit=G3&ID=5696,1.0,Learn to Fly,2252,Biz
5695,Zakk Wylde,2012-03-04,False,False,patches.php?mode=show&unit=G3&ID=5695,1.0,Zakk Wylde,2928,Biz
5671,Chevelle - Face to the Floor,2012-02-20,True,False,patches.php?mode=show&unit=G3&ID=5671,4.8,Pete Loeffler tone,5334,Henky Backer
5655,Slash,2012-02-12,False,False,patches.php?mode=show&unit=G3&ID=5655,2.0,Slash-Sweet Child O' Mine intro,2947,Bix
5485,n/a,2012-01-29,False,False,patches.php?mode=show&unit=G3&ID=5485,4.0,telelead,1175,chad
5487,Jimi Hendrix,2012-01-29,False,False,patches.php?mode=show&unit=G3&ID=5487,5.0,Jimi Fuzz,2535,Michael
5482,Metal,2012-01-26,False,False,patches.php?mode=show&unit=G3&ID=5482,4.3,Diezel Extreme,2310,Metal Adicct
5481,Van Halen - On Fire,2012-01-23,False,False,patches.php?mode=show&unit=G3&ID=5481,3.3,Eddie Van Halen's Brown Sound,4543,Henky Backer
5478,lamb of god,2012-01-21,False,False,patches.php?mode=show&unit=G3&ID=5478,1.0,11th hour,2136,venkymustaine
5476,John Petrucci,2012-01-20,False,False,patches.php?mode=show&unit=G3&ID=5476,1.0,Petrucci,1848,Ghost G
5475,Djent,2012-01-18,False,False,patches.php?mode=show&unit=G3&ID=5475,1.0,Djent II,1897,Ghost G
5453,Barracuda/Heart,2012-01-11,False,False,patches.php?mode=show&unit=G3&ID=5453,3.0,Barracuda,1451,yuraco
5438,None,2012-01-01,False,False,patches.php?mode=show&unit=G3&ID=5438,1.0,Rocking out,1031,DeathandHealing
5435,REM,2011-12-31,False,False,patches.php?mode=show&unit=G3&ID=5435,2.0,Everybody hurts,1837,Lecodimi
5431,Manolo pacth.,2011-12-24,False,False,patches.php?mode=show&unit=G3&ID=5431,1.0,My-Shredding,1078,Manolo
5429,Structures,2011-12-21,False,False,patches.php?mode=show&unit=G3&ID=5429,5.0,Djent,1479,Becteria Infect...
5424,Manolo Patch.,2011-12-18,False,False,patches.php?mode=show&unit=G3&ID=5424,1.0,Acoustic Solo,2301,Manolo.
5401,JoanJett,2011-11-27,False,False,patches.php?mode=show&unit=G3&ID=5401,4.3,JoanJett,1812,yuraco
5402,Beatles,2011-11-27,False,False,patches.php?mode=show&unit=G3&ID=5402,4.3,Get Back,2536,yuraco
5398,Chris Isaak,2011-11-26,False,False,patches.php?mode=show&unit=G3&ID=5398,4.0,Wicked Game,2446,Tony1Kenony
5381,live,2011-11-09,False,False,patches.php?mode=show&unit=G3&ID=5381,1.0,lightning,1124,chad
5375,Greenday,2011-11-04,False,False,patches.php?mode=show&unit=G3&ID=5375,4.0,Boulevard of Broken dreams,2496,sid
5371,General,2011-11-02,False,False,patches.php?mode=show&unit=G3&ID=5371,5.0,Blues,3885,Bix
5372,Dire Street,2011-11-02,False,False,patches.php?mode=show&unit=G3&ID=5372,4.0,Money4Nothing,2800,yuraco
5368,Boston,2011-10-28,False,False,patches.php?mode=show&unit=G3&ID=5368,1.0,Boston,1924,Rico
5367,me,2011-10-26,False,False,patches.php?mode=show&unit=G3&ID=5367,5.0,Clean and Full,2094,Thommyg
5357,ACDC Live,2011-10-22,False,False,patches.php?mode=show&unit=G3&ID=5357,3.0,ACDC Live,4161,yuraco
5358,Beatles,2011-10-22,False,False,patches.php?mode=show&unit=G3&ID=5358,1.0,Beatles-Dear Prudence,1666,yuraco
5359,CCR,2011-10-22,False,False,patches.php?mode=show&unit=G3&ID=5359,1.0,PaganBaby,1164,yuraco
5360,CCR,2011-10-22,False,False,patches.php?mode=show&unit=G3&ID=5360,2.5,WalkonWater,1209,yuraco
5361,CCR,2011-10-22,False,False,patches.php?mode=show&unit=G3&ID=5361,1.0,RambleTamb,1183,yuraco
5355,80 Marshall JCM 800 sound,2011-10-16,False,False,patches.php?mode=show&unit=G3&ID=5355,3.8,80  MS Crunch,7552,Keifer
5352,Generic Metal,2011-10-08,False,False,patches.php?mode=show&unit=G3&ID=5352,3.0,Metal style,2886,Thommyg
5350,Highway to hell - Angus Young,2011-10-04,False,False,patches.php?mode=show&unit=G3&ID=5350,1.0,AC/CD,5528,Dnt
5347,None,2011-09-30,False,False,patches.php?mode=show&unit=G3&ID=5347,2.0,Soulful Solo,1696,DeathandHealing
5307,n/a,2011-08-23,False,False,patches.php?mode=show&unit=G3&ID=5307,5.0,Ethereal,1489,Jimis
5301,n/a,2011-08-22,False,False,patches.php?mode=show&unit=G3&ID=5301,3.0,Very Clean,2293,Jimis
5302,Battles,2011-08-22,False,False,patches.php?mode=show&unit=G3&ID=5302,1.0,Pitch Rising Delay,1310,Jimis
5303,2Tone,2011-08-22,False,False,patches.php?mode=show&unit=G3&ID=5303,1.0,2Tone,1568,Jimis
5304,"comfortably numb, others",2011-08-22,False,False,patches.php?mode=show&unit=G3&ID=5304,2.0,numb,2723,otter
5300,Boston - Smokin,2011-08-20,False,False,patches.php?mode=show&unit=G3&ID=5300,3.5,Tom Scholz tone,4744,Henky Backer
5299,many,2011-08-18,False,False,patches.php?mode=show&unit=G3&ID=5299,4.3,plexi-delay,2899,otter
